id,date
4c1552e6-4517-451a-9d70-f441d47e2bcf,2021-06-13T04:26:52.565Z
07bf81b3-9a70-4791-891f-6286950d0c1c,2020-02-09T12:47:31.329Z
6f63ec9a-942f-4e2d-b154-aa18ffcdcaf6,2022-10-16T09:26:05.786Z
b2dd6aaf-86d0-4064-aaa2-c19416a30f64,2021-07-08T11:18:26.716Z
691f8c67-16e0-4038-80a7-16e1878f0cbb,2021-02-27T12:40:52.629Z
249f9b51-39ab-4414-9efb-6bdf887fdba8,2020-03-04T01:02:35.847Z
9ec85e57-d603-45f5-841e-91741bc1cbb5,2024-12-14T03:05:04.705Z
20a641f0-7cfa-45ec-86b3-59f795d66877,2020-04-26T16:44:47.986Z
4e9a2355-930a-493f-a06b-3fce34b22188,2023-08-24T12:11:10.530Z
7c7fa26e-67c7-4f48-844d-7507a971b094,2020-07-05T16:44:05.374Z
8b4d6623-d63b-4ee3-938a-2d67d7227b80,2022-11-06T12:27:16.992Z
b36f252e-1883-438b-aba9-ac488426079c,2021-07-16T20:12:31.980Z
e57e23e8-a9f9-4042-ad6b-2a37df6d6ba9,2021-06-04T14:50:54.019Z
51c67ec0-4dca-4746-ad4b-4f457b1132ed,2020-11-14T08:45:55.580Z
da3a843f-5e56-4081-a0a0-42fd804a87a8,2024-09-01T18:44:09.665Z
ea0069bb-d7cf-499e-a839-bab2335b092d,2022-05-20T09:07:30.126Z
7e75556f-1849-4027-b2e1-aacf67ab40f6,2020-04-20T01:39:49.383Z
2caa32bc-2bfe-4158-b22d-7cda728f793a,2022-10-31T23:27:02.699Z
0fd175a9-6ef7-4359-91e4-119a72fc1e3f,2021-02-01T21:38:14.206Z
9047f566-367e-4f59-94c2-7dcead12e35c,2022-02-19T22:50:14.195Z
482ca7cf-8419-4177-a129-52c198bb541e,2022-04-02T11:53:17.046Z
9e70c819-7e87-4ab5-8816-9141963d4cc7,2023-02-09T02:21:29.966Z
fcce700d-57a5-41e6-8aff-282ba8b49bde,2022-06-02T23:37:35.126Z
88e4e096-43cf-4b3f-8c46-31401d116c4c,2021-01-11T04:16:17.527Z
0779c133-5f01-4180-b0be-2a069711b815,2022-09-18T00:15:28.237Z
14870eeb-e80c-4872-90cc-5b42f26f30e8,2021-11-26T18:50:50.739Z
4f9dcb94-8af7-46f8-8e50-965c224e5b27,2024-08-25T13:57:41.625Z
23d0a92a-20fa-4bad-9482-78b01f849c03,2020-02-01T02:27:09.832Z
55799132-abee-4c38-b072-04af39fe2583,2020-03-25T06:51:02.268Z
ac036718-b2c9-4b7f-bfff-dca5f4db36fe,2021-07-16T06:21:28.544Z
1e18043c-8599-47a0-b656-0794cbd1a162,2020-04-22T08:03:07.769Z
00cd52fb-0201-4d01-957a-82f26b326c2d,2020-05-29T23:45:03.752Z
17f2110f-bf12-4437-9e10-291296883727,2022-08-09T18:59:04.240Z
c5eb7f44-b57b-4734-8c20-d66fb9a60c98,2021-12-17T11:01:27.157Z
2eaa4f1e-2abd-4884-8620-043c0f1141b8,2020-12-12T19:56:52.307Z
edb5bada-08df-4130-b47b-88eb89cad73c,2022-01-06T22:44:13.678Z
53472ba1-cb44-44f0-8464-bf0f1a6f9c70,2021-04-12T12:43:30.507Z
0c5d5390-e4f4-4741-852c-26779715aaed,2022-01-24T02:46:23.518Z
3fecb898-bcb6-4f2a-81af-be831442c3c3,2022-11-10T04:48:20.925Z
08dfc3cc-1bbe-48a3-aff9-543847417dc2,2022-03-01T18:21:48.424Z
228cc10b-7877-45c1-a5de-22ed091def99,2022-08-26T13:34:19.562Z
952aaf65-348c-4cee-b46e-dda2f54f4e43,2022-02-14T03:33:50.101Z
6be49a3d-2d05-4c46-bb31-b52282c11272,2020-10-16T10:27:45.360Z
3585e215-a0c0-4aaf-b82f-c5ccf3fba687,2020-05-08T13:57:54.283Z
1a66fa43-f74a-440c-b811-1c8896942d5b,2022-03-21T13:35:18.653Z
c9178667-0f39-43b3-ad73-e37c5167aaec,2023-12-26T14:51:11.028Z
7162845d-4cd8-432e-8a03-c8d5dd036778,2024-03-29T23:07:29.082Z
a85084ba-c917-4424-a2a6-a020ea6a8b99,2021-10-10T17:15:57.120Z
a16deeb9-8aa9-4189-a79b-fb5398f46b15,2021-01-17T21:57:53.903Z
3fbc0839-476e-4a46-b8bd-8147b2e031a3,2024-03-06T09:15:06.327Z
0644a276-8310-4273-aa92-275b796ef07c,2024-05-21T16:50:47.376Z
861ee727-d59b-4a22-a844-3a9e60bafd82,2024-12-08T02:36:42.818Z
1f57a8a2-60b0-4790-9b8b-5bf53474e3f3,2023-10-13T19:21:53.034Z
0e4f541e-371a-4d52-9178-48e6580ee148,2023-08-16T20:51:14.700Z
bc2397e4-a5d8-4ce6-88f9-eb19d2d2fecb,2022-07-30T14:26:16.195Z
495e0bda-d4a5-44f8-9fb5-ee39538fc8cb,2020-07-03T07:26:32.397Z
b41720b0-9506-4095-9a48-0cc10bbc70ad,2020-04-03T20:33:55.817Z
06572c2f-dc16-4bc8-b641-89acde90a304,2023-04-21T15:24:02.423Z
add921b6-a018-42fb-9e60-4ff0fa204d57,2021-04-19T00:40:48.403Z
a192d9cc-d810-44e0-95db-4bd2c32752eb,2024-09-03T05:34:31.094Z
364d7cbe-a3e6-4f82-bd61-49adb26110e2,2024-04-27T15:33:34.685Z
06432c7e-ff78-4b63-ae67-4e6deddcdb0a,2022-04-25T03:32:45.388Z
8fcdc07e-ef9a-4372-84fb-5df498028c3f,2023-02-22T08:06:42.993Z
65d0cdcf-0ce6-4fb5-ae4a-4426167399e8,2024-10-19T05:04:28.815Z
22e99826-4657-4c56-8ed6-001342b4c910,2022-09-03T05:03:40.044Z
4d547dd2-cbfc-47e1-b357-ab5925c62e2e,2023-01-29T20:23:45.645Z
9165fa10-75ef-4635-8df4-a971b0107b6f,2020-07-15T13:43:33.388Z
c5bcde29-dca9-42d9-9942-4ed5e09e18f6,2024-07-02T21:08:25.975Z
34e831eb-795a-4e4a-a233-33936956064e,2023-11-27T17:27:34.750Z
a42e50b5-3804-4f11-a2ef-32beb57b96fc,2024-11-30T11:15:42.748Z
70095838-c49e-419f-96f0-2f9ffc9889bb,2022-07-06T00:46:18.613Z
88a785a3-cd27-4f5f-94bc-554d46829c76,2024-03-11T22:30:48.241Z
af02c85e-e69f-4598-b9d4-ad4dab8573b4,2023-08-03T04:58:48.144Z
3a0b6211-12cf-479d-859d-30dc3a472be1,2024-07-14T15:43:40.814Z
0381b8d6-894b-42d5-a3af-22a5cc6dea1a,2021-06-08T06:57:13.853Z
cec30b1d-cd94-4ad8-acf1-add7cb3a4596,2021-03-14T12:55:34.956Z
6cc73a47-1455-4f9d-9cc4-806d098c040b,2023-06-16T17:23:21.129Z
8b75166e-4312-48fe-855c-099ea8b18c46,2021-10-06T18:12:32.726Z
2aa94d20-55aa-4b62-9672-3ea1a965018f,2023-05-03T01:07:55.898Z
842a042d-37c0-4387-adc1-a48be538e354,2021-02-12T22:29:03.954Z
31098203-bd99-4ba5-bea2-2e8ed51d87ce,2020-11-01T17:26:52.253Z
56fcae8c-e517-4b4c-8c53-b92226a0b163,2024-08-05T04:16:44.891Z
41a89468-b80b-415b-93ca-f23c3f6ce762,2021-01-26T07:50:13.030Z
cf5abb74-950b-4cee-9987-367a0b517911,2022-11-23T21:54:00.058Z
6da43046-c3e0-417e-a80e-cc07283697f5,2023-03-10T11:30:58.227Z
166cff12-6876-4553-9a96-399e7ac41431,2022-05-18T12:10:28.972Z
2f57f96f-cfd7-4e45-a45c-a59613c7be6f,2022-02-06T20:06:13.554Z
6f7c3506-e18d-4e42-838e-585e6620e170,2022-04-01T06:18:20.126Z
8e6d241c-320c-4a20-b683-1f6d5670b4eb,2021-01-24T00:18:12.204Z
b5a58e6d-e0e9-4363-ae8b-be46525d8dd3,2023-04-11T04:17:32.929Z
365b6590-27fe-4c98-a61d-9a039c4662f2,2020-08-15T11:45:24.540Z
e571cba2-d47b-4622-ab90-6661360ccd4c,2022-09-12T17:01:14.430Z
bd53a52c-e657-44c9-b954-1c582ab0aa8e,2020-02-02T16:29:30.587Z
8b73413f-90cc-42d3-9731-fd837d28ceb8,2023-10-09T17:38:42.269Z
dd9e2471-0905-4d0c-ac37-b1dc8459e77e,2021-02-01T08:07:29.050Z
c279b116-1696-45f9-881b-7ffdc1310d81,2024-03-16T18:44:26.803Z
2f1e59bd-abd7-47db-bb97-10ba2181e4b4,2023-03-02T16:16:50.903Z
9ef0f8b8-0aa7-47a5-93b6-06e2a54c81de,2024-09-13T19:47:35.868Z
14d7242e-1dbd-46bb-9c50-8ad46d2e4b7f,2022-06-12T03:19:48.622Z
f4789c1a-227b-48a3-b5bf-f575d03463db,2020-03-12T21:14:07.332Z
deb1f513-cab9-42d4-a06c-d08d8a1d6216,2021-01-31T04:53:32.868Z
1493c78c-7c8a-4127-83ac-d1563db486a6,2023-03-29T07:46:52.069Z
ab7fb51d-66ca-40c1-8c56-d26d35ce0889,2020-04-19T12:33:27.939Z
7690f0c4-f5ed-42e8-971c-1d8af92372e9,2021-06-23T09:40:22.036Z
6b2f3e80-5c7a-448d-bbe7-4618ead13cbf,2022-06-10T12:33:38.476Z
f2c80c1d-d8af-4f65-b696-a24c0b1827ab,2020-08-07T00:58:43.113Z
6d8ca913-67e8-4987-9c10-3df81e12389b,2023-04-02T13:06:02.764Z
8e425324-8cfb-49d3-b93c-ff74b0e136dc,2022-06-24T16:30:03.773Z
c280538d-7a7a-415c-a042-a5ff11a70ffa,2023-05-10T15:11:43.237Z
a4a53b7b-7573-44c4-a9a6-61c6aa513d35,2022-04-16T20:05:18.229Z
b951254c-8c0f-419d-83d6-1e1eae18ac79,2022-08-13T20:10:48.381Z
9fccf328-8a98-48f3-b1b0-af0805fa4cdf,2023-10-31T15:38:43.921Z
6cebe1e7-7aaf-4b9c-9e0e-ad381fca3d84,2024-08-02T21:12:19.633Z
a77634a9-4870-43ae-9b18-7635e9f83bf1,2023-06-07T14:05:14.215Z
4202feeb-1d34-4e58-bc6e-6fb1c0343d2e,2023-09-18T15:46:11.401Z
dcfb5a98-7376-4d0e-8dd7-7b3f77ec0859,2020-02-21T23:48:37.450Z
0608e109-ece7-4a8e-aba8-91742a3ce064,2021-08-22T23:38:07.701Z
b9f05a94-d8ab-4303-a8f2-b0ccc565a66f,2024-11-05T22:55:40.614Z
7924cd42-0d7a-476f-94a2-438108d99002,2024-06-01T20:02:20.955Z
103c5bb0-6a19-482d-ae45-34370e9389dc,2024-09-29T02:34:43.535Z
9e66f4d4-f4d7-4926-8963-a83070f95543,2020-12-29T08:07:52.246Z
cdef524c-3ee5-4c13-9bd5-e6e48223367b,2021-01-04T21:42:02.351Z
66a0e470-4948-4cca-8168-2ebbe6d5b062,2023-02-07T06:18:56.598Z
0e508bc6-dbda-4124-8261-cf1e85d5dabd,2024-07-22T02:36:17.468Z
3f465c07-d3b1-4946-9f4c-26ae85b25824,2021-04-26T14:18:28.137Z
f75936c8-aaa7-4016-9efa-56918adfbcfa,2020-05-27T11:05:17.686Z
7a6e561b-7a76-4053-a4c4-a4c1fb1b1e63,2022-11-10T00:52:28.015Z
8115165e-9b1f-43df-8f5b-6d439ed7c6ff,2022-01-18T14:49:03.373Z
b6c54969-b417-41cf-b230-71388981ecde,2020-06-25T11:52:25.088Z
0128406e-058e-481f-87bd-ab8203903967,2024-08-02T00:57:41.965Z
d7e6bd3c-ab64-413c-a4b5-ae54fa3f0255,2022-12-13T01:14:04.250Z
68bebbb1-3adf-4ef2-b5a7-b00b8244ac19,2022-12-27T22:04:32.976Z
9d1848ca-60ef-4383-820a-6a86ca9cab9a,2020-11-19T16:02:53.454Z
b6fe66cf-f659-49aa-9b5d-f80d30cc683e,2024-03-17T14:15:11.938Z
6bcec2b5-12c8-4f1d-97df-289b5aae10ea,2021-09-28T15:37:49.311Z
839ef4e1-8a67-4997-b01d-ecfee49e4d14,2020-06-20T05:29:15.352Z
96659f7e-deb6-4fbf-861f-0371a8f08d83,2022-09-28T06:23:02.105Z
ef9f6eab-07ef-4c5b-9ab4-302fc1a1302d,2024-01-05T05:22:01.708Z
1d6ad475-0f56-48d1-84ac-ff18f86a4a21,2021-09-16T04:42:36.323Z
afeffb8a-94b7-409a-bf0a-b69d01b5daf3,2020-01-14T19:28:56.276Z
adc74144-dbb3-49c1-8aef-b92e5b2cfda3,2023-11-21T11:13:24.860Z
a4296013-fd96-42e7-a6cb-6e8ef2828fa8,2024-04-30T14:30:58.978Z
3a9b255b-4ba6-4ee0-b73b-f525716916f1,2024-10-26T23:19:05.307Z
0d3fda59-285a-45d6-8cb5-aad17308516f,2024-07-23T21:57:37.229Z
e0a8e27e-adaf-44dc-bfe4-f632d2102c64,2022-12-08T03:56:46.018Z
13cd5b26-3fde-4d86-ae92-54d0ed78743d,2020-06-05T16:17:25.652Z
edbe81e6-5cf8-4469-a621-2f6e7b56bc7b,2023-01-12T01:00:45.014Z
bb325c26-3377-4d85-8b40-861208146232,2020-09-13T23:13:01.126Z
7a369f7f-7a8d-4cef-9099-823f0634cfd9,2022-08-09T06:20:23.325Z
3dc77ec8-df59-47aa-8801-7f3365f4fa30,2023-06-16T11:42:39.971Z
ae0b730e-96aa-4ffd-954e-b0c85e0c1631,2022-06-06T09:31:19.841Z
220b0d57-b180-4c6c-ab39-17d89a82a5b4,2020-05-15T01:20:00.965Z
0d693819-43df-4a43-a0b2-439f864b3cb1,2024-09-17T10:14:57.125Z
acbc3245-c615-4f8c-a0fe-0303c1ca6c5a,2022-12-30T16:20:55.834Z
a2403833-2505-4a45-9c38-4d21019bf6f3,2022-06-24T13:34:14.758Z
c343c9d6-e9aa-4c66-a745-ef7b4a5d8736,2022-05-11T10:04:50.906Z
ec5d20cc-fa8a-490b-98b0-727d14a0034a,2021-03-24T11:52:42.330Z
6aca83aa-8757-4219-a9b9-e2edc9215b35,2022-01-13T22:27:29.281Z
f7220bce-d911-43f3-8786-82a808055cc0,2024-04-09T01:18:18.908Z
fe337375-1405-4e16-a7f8-a662af599383,2022-03-05T07:47:36.198Z
423ef9d1-a2f9-4c40-9b10-4ff83313d544,2020-11-16T12:44:59.618Z
6b1952b5-a402-4353-b78c-56f6ad794ce4,2023-01-07T16:38:58.114Z
a07379c2-b636-4318-9159-6d9466dcb90e,2024-04-24T17:37:30.231Z
30992d78-9ba2-4f57-8608-79bb4e2165e6,2020-10-05T03:20:51.307Z
722ec865-ed8a-47fa-9ae8-ae6c9599f869,2021-07-17T03:56:35.195Z
4a433183-c085-4205-b0f4-55cb94060e99,2020-07-15T08:22:15.454Z
3f7a4ddc-aaa2-4f84-837d-c96a567a2f6d,2022-05-09T15:33:48.817Z
86158a42-85c6-4d37-b883-2cd769e22123,2022-05-10T18:29:03.365Z
8369794e-a36c-407a-9567-f62415499a44,2024-05-05T03:49:35.946Z
f5409661-36bb-431b-897c-272b37d0893a,2021-03-29T09:17:00.987Z
f79c5899-27bf-427e-b371-94517631a0c0,2023-02-04T20:52:17.972Z
32b69988-4492-4785-9422-014dd8707652,2020-10-01T23:43:41.943Z
861c3da2-2906-4612-9676-4776be734e78,2022-08-13T03:56:42.595Z
1c62900a-711b-4997-9c08-ab847afc6557,2021-04-21T18:09:52.873Z
ec8da220-d4a5-41ff-ba5e-9458994b160d,2021-11-22T00:40:57.518Z
ad94890a-919d-43c6-8393-fe2e854e6263,2024-04-13T13:48:00.770Z
2aee362b-238a-4529-8593-2fa8b3555a15,2024-08-02T04:52:59.101Z
090d1cbe-243e-4999-8df8-b65b29869ca9,2024-11-30T07:11:15.612Z
354c98a9-5d55-4500-9e53-781a193e498f,2020-03-06T01:10:50.369Z
ce10450f-3f9a-4e73-be0d-07adb3c3356b,2021-11-12T12:11:01.263Z
e75c3317-fa03-4679-acd1-471b8161005e,2022-03-22T22:00:23.013Z
642c42c7-d3ec-4db6-b60d-d0518d93af46,2022-03-24T23:02:18.597Z
fcf0fb80-a530-414a-b0b2-cc281f72882d,2020-03-06T12:26:04.433Z
bb1b0961-3217-4ac4-bafb-288ec0a9fb7e,2023-08-29T16:10:13.687Z
3819f4d4-0520-4a0a-addb-1b98ffa7b4a8,2022-11-09T14:05:44.672Z
2c6b3ffb-ab06-4dbc-859f-57efb83fdaa5,2020-09-23T04:04:10.118Z
881a1b1c-6f81-4e62-bcbe-2490ed3dfca7,2024-06-27T16:49:17.533Z
6818f0eb-1d2c-44f2-8637-dbcc72f1cb52,2022-04-24T19:45:34.853Z
e04589b7-d0cb-4f89-8d24-51a04751bf9b,2022-12-14T13:00:29.770Z
c312a25e-027c-41fa-a034-e2cb780610dc,2023-12-12T02:01:30.218Z
66800c26-bdf5-48ce-895b-411b33aba970,2021-07-05T18:54:57.897Z
0b9763a4-4ebc-4bd3-874e-c06d093cfbdb,2024-12-09T18:34:18.080Z
4a4c34ae-ec3c-4980-92b0-c253aa5a9cce,2023-05-01T05:05:17.922Z
48958b01-3157-4563-be6a-ccdfd507e74c,2022-09-02T05:15:13.167Z
e710a6d2-bc34-494a-b749-33dc610403d6,2024-12-10T04:29:30.805Z
d010837b-3e2f-47e0-a1a9-97fb5fa69e5e,2024-10-11T08:31:50.144Z
7c37d7f6-983d-47e4-b579-d6abeb512075,2021-10-23T17:18:58.455Z
36e6c1ef-26f3-4777-9ac8-12ea32cde2d5,2020-10-21T21:01:45.287Z
da8b23d5-c6b0-4752-b316-e5a0bd8d7913,2021-10-22T20:49:41.025Z
6bffa7b3-afc7-4fbe-bbff-f4303e5f7265,2024-08-17T21:32:05.777Z
fae0d21e-d2d5-4e91-9345-296a8798f45c,2024-01-11T11:50:41.640Z
57215624-e741-425e-828c-a00bb73eb3e7,2020-01-25T19:03:11.214Z
1205af4f-bbe9-490e-aec8-7d93db0309ba,2021-10-26T10:43:21.561Z
c1d1c079-8491-4ad4-b292-9380c4ed8b86,2022-04-26T10:55:03.167Z
e835c023-9fec-4183-a8d7-70dc074fd3e1,2021-04-07T15:42:45.091Z
6d1e0369-89a5-43fb-b5e7-ad5e29c3a5a0,2020-10-13T10:29:21.627Z
edd272ae-4dcb-4263-969b-61f30a8e6ee1,2024-05-26T13:18:08.006Z
1fc92da6-d8e0-4e13-bc1e-ff5dcc95d71c,2021-02-12T04:51:18.004Z
61cbce4b-b957-41b3-bf52-8d6e68677735,2021-10-09T17:33:19.787Z
6ea802df-3520-4830-8ff0-325e5575b3e2,2023-04-16T06:50:13.032Z
5d9c1226-f614-4509-84b3-8b5b823054f6,2022-06-11T15:10:30.466Z
82137bfc-6bb3-41af-8715-0e1939513014,2024-06-26T22:51:33.404Z
4b040341-64be-4f11-8a1a-ad1f14cc1ba3,2022-05-26T18:35:46.245Z
f61bb989-83ab-4fe3-9a24-fed273999e49,2024-07-05T04:59:57.603Z
dea6e8a3-3f24-4171-b56e-cc3909a7f0dd,2023-06-29T08:10:18.598Z
542a11d1-deb5-407b-9ad9-91d7ff9a80ee,2022-10-24T21:53:26.441Z
b1d57541-93c5-464b-92b5-1b63f52a1cf2,2020-06-12T23:24:38.092Z
d2199b7d-0778-474b-b9f5-4820038b9562,2024-09-26T18:43:44.569Z
396edf2f-701d-4251-8fda-59d4444976e3,2024-11-15T08:04:05.737Z
02690714-e406-4d8d-b1df-05ca5f77f0b1,2022-06-30T09:23:29.155Z
cf12fdd7-d6f7-4ab2-bee3-78af1bbe43e5,2021-02-12T11:28:41.647Z
188d4f57-de7f-47c2-812b-7da31f0cf088,2021-08-21T08:01:00.717Z
d9800d5f-b352-4bf8-84a9-a1ccdb7a55b1,2024-03-25T12:57:58.779Z
0c91ddd8-4d65-4cc9-b6c1-bfd0da2724f9,2021-02-20T05:56:41.188Z
473560e8-30a0-40df-8e19-e88f8ee4c065,2021-11-25T17:02:11.812Z
9519ae82-eaeb-465b-b387-51c3b11a085c,2021-05-08T16:11:53.838Z
ab3914e9-9707-4384-8238-0c7dcc3575fa,2021-06-02T01:42:35.500Z
e76ea56e-10c5-4650-808e-99ba42d4ebc2,2021-02-26T07:50:06.368Z
75905a86-e0bf-4cd4-ac17-072986d0b0c6,2021-02-19T00:09:08.418Z
80e7175c-16ab-4b4c-9acf-58d0269ad64a,2023-05-20T14:48:07.400Z
6329e9c5-20e5-4fff-9e6c-fc9cb809ff97,2023-07-22T04:45:19.512Z
20c2253c-657d-4427-baa4-a2db57904217,2022-12-15T22:27:57.302Z
a2132f18-73c0-420e-8bc1-9886031df818,2022-01-09T14:58:03.766Z
08f9c172-19c2-4463-a6de-ac7a9770e3fa,2023-10-11T02:25:16.301Z
1443f3c5-359d-4bcb-ad49-ba9f8aba418e,2023-03-15T00:52:05.035Z
d0909d58-961e-4acf-8283-afed0ab19a28,2023-04-12T19:59:46.681Z
8921ea0c-9f03-4517-9e52-d2f47fa20b12,2022-12-16T19:29:49.283Z
38c20f44-8a54-41b9-b866-506b89b034e0,2024-11-27T03:33:34.669Z
28951e23-4f0d-45f5-bba9-db8ec0e8caea,2021-04-12T01:42:13.683Z
32b99e48-5669-4df1-9b35-82fb0c4ae388,2020-04-28T14:51:00.133Z
d95d3be8-1796-436e-92e0-63177c2f6897,2023-02-12T23:54:31.982Z
82a0155b-36f0-4724-999a-11f9705a8a87,2021-01-18T13:23:00.515Z
7fc75a5e-1877-403f-8e30-4c783f12ee22,2020-05-14T02:40:15.729Z
e9b02085-7688-438e-aabe-c7d327bbeadd,2024-10-31T13:59:40.537Z
50182a1d-9633-4e77-a3cf-0029a606511f,2021-01-09T11:16:06.178Z
65f90498-232b-483e-9f5f-480e576825d4,2023-12-11T07:22:45.195Z
b6e4e325-016d-4494-a6ce-03ce09c13321,2021-09-15T04:09:38.687Z
084f9f21-1ed6-4ef5-b25b-930d9f5a8ea6,2022-02-25T00:49:26.296Z
0c6a641f-59e1-4b4b-b4bf-29d64ba7edea,2023-02-04T10:56:01.327Z
37f0b48b-d1e2-40d9-b386-edaf435c7a47,2022-08-14T17:04:05.289Z
dea7365f-59d8-403f-9d86-a48e04e5824a,2024-03-16T21:15:25.552Z
2129ecdb-fabb-482e-b162-3d67539a6687,2022-02-15T21:39:29.413Z
30b30685-fb35-44b8-9541-d36a09bd204e,2023-12-08T09:51:20.776Z
0d6e71c1-c27c-41b7-9c3b-d8aaa5311508,2022-01-26T14:26:09.746Z
8941ad32-327e-4cd4-b08e-ef5e3b2cda8d,2024-05-06T06:32:14.756Z
923856a1-f754-45d8-80fb-6d834e5aed83,2021-10-06T12:08:33.785Z
ad3d00a7-898e-4c6d-b3b3-949290089e5d,2024-09-26T11:35:44.284Z
f7fed934-b22e-47f1-8ed5-be899176508e,2020-09-15T21:30:47.678Z
c4e0aeb0-1f9a-41fc-b3c9-befeeb8f3a82,2024-02-10T07:25:42.750Z
ef7a5e11-ddb4-423a-9b4f-df6ce2d8cb57,2021-06-14T08:00:46.301Z
c3befd4b-33c4-4ed2-bcea-e43d34a4027f,2024-10-10T20:51:15.816Z
cd72c7b0-f2af-4acc-ab65-295e526e53c9,2024-04-24T09:20:27.204Z
b7efd875-b20a-41ad-98cb-909273fae023,2022-11-24T23:33:06.285Z
3df41b40-4c53-4b00-be14-e15dcbbaf9a9,2020-05-15T23:36:46.602Z
26a1c370-b685-4442-b107-12c404e3b20b,2024-12-23T18:35:30.380Z
7eed8b2a-6970-4565-a58d-5bb0327a96f7,2024-06-08T10:26:39.789Z
0e20da9b-d6a6-437a-83f3-a58581d59764,2023-01-23T03:03:24.941Z
5ba4b1ba-7ed7-48f6-8748-f7ac054c1977,2020-08-15T10:02:09.498Z
0d58d3e3-0cb5-4ace-bceb-5f17013dabca,2024-09-03T16:22:55.875Z
ae75a64c-f024-40d5-b1e9-90fcaf47ed4d,2024-03-21T23:03:42.252Z
36548109-f3c8-42e4-bb44-8674bbb7e8c2,2020-11-22T02:09:57.673Z
cf86b84e-87ba-4ad7-8ad0-0467d33a9b27,2023-10-26T13:38:53.633Z
0bcfe8bd-ed83-4194-ba07-dd362e425d7b,2022-08-12T18:17:57.454Z
de16b419-fc46-496d-af79-2de7a9e29f43,2022-04-09T02:01:25.535Z
01e6206e-fd9a-4fd3-bc49-a83167436bf9,2022-11-05T17:56:46.089Z
dc12a701-96c4-4e2a-b878-7eae317760e1,2020-08-16T16:01:47.929Z
6d40de9b-d2d4-47b9-a019-f6dbe65240ee,2024-11-03T05:21:34.977Z
e458ec53-d645-41a2-a23b-4f073177452f,2021-11-25T22:48:06.380Z
2943dd36-32f9-4c87-90f5-076e22340b99,2023-07-08T13:38:43.053Z
6037bbc5-7232-40a0-8759-9d59326d8d25,2020-11-14T20:59:39.789Z
e8f2abe6-24da-41ea-bedf-36e698bcd1d8,2020-04-29T10:33:00.267Z
0c3b037a-28ae-442a-8bd6-4b55d597935d,2022-12-07T01:14:35.229Z
fb24a702-3ba6-40a4-a5bc-39dc0d097972,2021-07-06T14:24:28.644Z
b92c834c-375c-402f-9f97-722e96d0e8c7,2020-09-20T12:56:55.158Z
1e7d5c95-3307-4d44-8818-fa7579766de1,2023-08-26T15:51:19.785Z
fc5a2aa7-cfef-493e-9394-454bd2799ff7,2022-04-14T21:25:02.336Z
d342fd6a-a1fa-4969-bc38-a667b76afb58,2023-07-09T10:19:10.417Z
eafe79ac-bdb8-44e6-84eb-0dad44c033f4,2024-07-26T21:47:37.213Z
242ee682-bdbd-4de7-9b7d-3cb46e5e40fb,2023-04-09T04:11:52.045Z
173c23f5-bd07-4c3b-b6f0-01789b132843,2024-03-14T01:34:31.054Z
ce97fb45-5fcd-4b31-99e5-fd7c1160826c,2021-04-24T21:50:07.593Z
fef80350-1706-44a5-8b6f-1dde02a75ac9,2024-12-20T08:42:47.138Z
210dfddb-f5fc-4ba7-9013-c661773721b8,2020-10-05T07:41:52.973Z
74c2b3fe-5705-47b7-96e5-5b690b169d6e,2021-06-18T06:00:53.708Z
1ea47da6-4c2e-49ba-95da-1b3414516e1f,2024-05-11T21:48:04.420Z
37e3539f-fea3-4c87-8c88-a228bf12258b,2023-05-28T08:31:49.606Z
f312aca1-c412-4150-ac91-d05649600c89,2022-01-05T21:57:44.559Z
df494b80-4116-4077-b0e3-a6afb955db47,2024-10-02T21:52:32.047Z
9f074a0a-07a5-49ef-936a-05f89d8be52a,2022-11-30T16:54:33.219Z
8ba1c582-1341-4730-9782-95e8d6016823,2022-11-07T05:19:05.730Z
818f7841-caea-495c-a75c-da5e93d6eb32,2024-04-29T13:01:47.660Z
bb3420c6-4844-46c9-8a55-27314d97bb8d,2023-04-11T12:33:31.142Z
f50109e3-70ea-4aec-962d-5915ede41c84,2021-01-29T23:38:41.499Z
2796dbff-8da7-4064-ace4-a88b75979f2c,2022-06-02T05:36:00.484Z
9a307ebc-3dbc-4551-bd99-736903a57587,2020-03-14T13:49:40.048Z
06c6aacf-42ea-4e58-b0a0-3199923e478b,2022-10-01T17:54:36.614Z
605fefe1-2c66-47e6-be39-615d279d6bc4,2023-03-19T17:56:16.309Z
3dc3e720-723d-4872-814a-d31dc0870a8a,2020-10-03T09:47:01.585Z
5ef1762b-b682-4e89-a530-7b44511fe165,2023-03-31T09:21:25.645Z
b4dafbc9-74df-4bd0-9ccf-7683171b2e2c,2020-11-23T12:14:22.129Z
b1bf9ebe-a920-4b43-9008-175307364326,2023-02-13T21:25:10.588Z
7264c48f-340e-4119-abc1-5a614cdd184a,2020-10-16T05:58:38.374Z
0c2c8a3e-7766-4697-be1c-526f9ad7ea6c,2024-12-22T06:06:31.617Z
b39fa1cc-b69e-4760-977f-82557102ad07,2022-10-09T06:52:02.266Z
29728779-c8b6-4b38-931f-9a0a37d5ddbf,2021-03-11T17:26:25.335Z
69f04228-e336-473d-a552-f43b6118f150,2023-09-15T20:36:22.518Z
0bb4dfea-fcf1-46eb-9716-f8ed1f88e099,2022-06-25T23:26:56.922Z
47bb051d-f783-49fc-8ff4-23e6908f3068,2024-10-08T22:30:49.132Z
5f251aa7-9b03-4038-9f7a-5219ae779720,2020-10-06T18:43:46.418Z
3c723075-6e72-435c-a63e-83b975b220b6,2020-04-20T23:24:43.788Z
a77ec7e0-3c02-4d1c-ab86-a25233d1e886,2022-08-19T18:15:24.449Z
391c7615-33c1-4277-9cad-c9494485ae6d,2020-04-19T04:10:15.123Z
989ebd91-38f0-4423-8ff2-8b096364e8e4,2021-03-12T08:34:47.704Z
ee2c1181-3d2f-4513-b7e6-9dc9524cc9ab,2022-03-18T23:30:53.552Z
34f3a65f-8aca-4e8e-8a8f-d2dcca5af45a,2024-03-31T19:16:18.810Z
2127910d-6a30-447d-8fe3-9070c92d818c,2021-10-01T08:47:51.608Z
4fd7668b-8283-44cd-b2ae-0276055a3575,2022-05-02T13:54:51.935Z
43d5e3b9-8d17-4393-8ee6-5d4dff1eee33,2020-12-05T00:14:18.775Z
1c8c3ed9-b226-4077-8b44-1edec7f48b5a,2020-12-04T14:37:03.722Z
b8cc1069-bdc8-4468-ba99-4ae3934e1829,2024-10-16T04:16:30.342Z
fff32de1-45be-404d-8715-4a56dcd7afa3,2020-08-08T19:37:09.044Z
d48ab1d8-b4fc-4baf-bc6c-2ae203356a6b,2021-08-27T07:38:10.598Z
ed5be2b5-30f3-4a7c-bbc9-80340e888f3c,2023-08-20T06:46:41.719Z
e9955018-c5ae-404e-a0be-45cf19b298e2,2020-12-17T15:07:16.029Z
2cf274e1-d104-4e3e-b8bc-216bd6af981e,2024-02-13T22:31:46.804Z
1acf7fe5-9a05-4511-b68e-1f81ce55e3aa,2022-06-25T00:57:15.834Z
d732ded1-a792-489b-b4ae-19ff993d8d73,2022-12-19T08:54:01.416Z
ca523418-baf5-4ea1-9101-4fc9ed4fdae4,2024-08-14T06:35:43.821Z
2f570ca5-c1c3-4032-8300-934cabcbc1fa,2023-03-13T12:14:02.679Z
3a37b8f3-7133-4751-868f-06e9a5eb7d2d,2020-02-18T01:31:14.191Z
99f48014-1566-4065-9006-e4c8daa78d70,2020-01-29T13:02:26.933Z
eae94ec7-395f-4012-b84b-e61b56992b0d,2022-10-17T23:57:39.342Z
b3f61679-a0d1-40f2-91c5-38d053b8edbd,2024-11-15T08:48:31.971Z
45a668f2-3ab2-4602-a51a-0cca8835d4e6,2024-12-01T04:21:35.183Z
d231e225-17c1-42a2-95a8-d6ee6697584f,2022-10-19T07:01:52.445Z
ddc939e8-8a63-47fb-82bc-935dad0ac0ce,2021-06-05T19:00:21.740Z
0bf375c9-747f-4b91-86dd-f7a2bd832ab1,2021-11-17T02:57:45.972Z
487439d4-bd88-4429-9347-1d6d0c9de0ff,2024-03-08T21:19:08.891Z
7d1c0b82-8d7f-4423-bbf5-6642d2489ba0,2020-02-10T22:14:49.400Z
8be82d64-c323-4b78-99da-6f904800ffd2,2024-10-27T07:49:03.739Z
d96b808c-21a3-452d-86df-fe5f3ed4c0e4,2020-08-14T19:43:59.012Z
77ac6188-f34b-4377-975e-51c3263c52d7,2020-05-12T21:10:38.155Z
a02cf580-1a59-490d-b616-ad7c861101ee,2020-03-21T00:14:17.203Z
1c408745-9ad9-46e8-ac25-8e100d354744,2023-06-16T20:23:55.588Z
92bb5dbf-128d-42d8-a45d-0ee2b8baf0d7,2020-07-08T07:06:01.782Z
c9a67d62-beb8-441b-bec7-0d4e5dc69b90,2020-07-03T21:21:33.494Z
69dd4dbe-f82c-4756-886d-0204c05dac69,2022-06-13T04:11:43.730Z
4040e449-55fd-43d9-aafc-41f7c4b9c1af,2023-07-25T09:08:59.767Z
5382a51c-0e39-4152-8df3-d1502eba99da,2023-05-22T20:57:45.071Z
97c129ce-5ef0-456a-a2b5-c8e28d379e3f,2024-11-03T10:07:13.180Z
74db0947-6c94-42f9-b0e9-c917095ece3f,2021-03-10T21:45:32.517Z
26fd43e6-3bbc-49b2-8eb4-e6013f067837,2024-06-20T11:18:01.821Z
9f8ce3c4-97b5-4bb6-afa1-422836bd7cd9,2024-12-08T03:55:20.138Z
6ea5bcb5-2539-4900-a4dd-65cb2a554f05,2021-07-02T03:22:04.809Z
7971ce2b-e076-4689-b98c-ebd1b35a0b56,2023-03-07T02:18:45.001Z
b0d6ea53-2d81-451d-b8f2-d39b31d8e6b7,2024-07-12T14:42:23.582Z
68a9a6e0-b14b-45dd-a89a-7e520f615b04,2021-07-21T10:13:35.364Z
bac5f091-1cf9-415b-a36c-ee6a76da75a3,2024-10-21T08:56:41.379Z
0a639e5e-20a0-4284-9afb-fc058a4c244b,2022-06-20T18:23:49.013Z
9a4f0c0b-1fda-439f-80ee-dcb4e42e8dd9,2021-03-14T23:31:28.938Z
d48bb329-295e-400c-a494-8ce29b77d799,2022-12-10T03:34:33.356Z
2df7f5e6-168d-4c07-9bd3-4e39210cf8e1,2023-06-24T01:12:17.966Z
4b54e339-ffc6-4a2e-b457-4709d639b771,2021-01-01T19:48:04.409Z
8ab010ac-a751-404e-9f1f-8184d190ad92,2023-03-31T09:57:34.898Z
65462166-ae24-406c-bdde-de67bea42203,2020-11-25T03:54:50.685Z
a55f5e51-1eb9-41d9-9211-5849ec084965,2020-07-22T11:11:21.676Z
bf4ccf60-d383-4208-b69f-e3bba04e8a7d,2021-10-15T09:12:51.657Z
ed746eb2-969e-4707-a78f-61064b8d66eb,2022-09-20T22:11:44.388Z
67393456-eddb-4dc6-9c77-6d90ae1d130e,2024-02-16T17:10:46.191Z
d571d588-7ec0-41a5-955d-54c3acfa0985,2024-12-15T14:18:31.568Z
9a893e2e-cb71-492f-9ff6-8a9ab5e26b7e,2021-05-11T12:39:40.591Z
11e7d12d-0b5e-436d-91e1-ec79390b6b30,2024-05-09T08:49:06.023Z
7da0e32d-652d-40a4-b882-af68d5d150ba,2021-12-22T09:47:18.057Z
6a8d4889-50f6-4278-838d-0b8b0863b53a,2023-01-23T21:41:21.177Z
df8698a8-be47-430f-b611-84e5eecd7136,2024-03-06T09:10:32.000Z
68d53f60-8013-4a56-81d3-cc4239f40e3a,2022-09-13T23:25:42.834Z
c014485f-aa14-4df0-8dc2-8add14251510,2023-02-03T14:25:05.425Z
a1b50937-129f-4650-95a0-4b331beb537f,2021-04-08T19:11:38.864Z
c4e44631-b93d-4cf5-9531-ce610d63d14e,2022-12-11T02:43:07.619Z
15447487-9f5e-497e-adb0-c67a98830c2d,2024-04-14T21:46:52.298Z
81096847-04aa-4d5b-83f1-b865c4a50f38,2024-12-05T21:43:03.332Z
c1523df4-958c-4e7f-a8e1-11a39c47a2be,2022-02-10T03:37:14.962Z
c2f443e5-1aab-42a6-8f48-9165cfced964,2023-08-13T05:35:27.032Z
c53d30ca-7535-4cbd-be0d-7c989cf030c0,2022-01-31T12:59:23.628Z
27292a66-874f-4d0e-b548-05f2406c04bc,2022-05-28T13:41:30.705Z
14cea7da-ca44-429a-98f3-7b5dfa475be3,2024-11-08T02:40:12.490Z
b172f6e0-c25c-402c-9a33-004efe099e87,2023-01-20T10:26:57.473Z
6adadbbd-510e-461f-be45-e04f104a4b34,2021-08-26T19:48:28.120Z
6e01b1f1-24c5-47a1-a89f-5d24692f67d8,2024-11-25T00:20:32.912Z
0558a720-d668-4acb-a369-770fc26ac20d,2020-10-04T22:51:47.555Z
466f45bd-c1ab-463a-a012-7659916ba72a,2024-02-07T20:39:11.377Z
234fe075-a28a-40b4-9739-db74794865a3,2024-04-05T14:26:57.260Z
89383a72-b673-4779-a659-d7afffd9a7a2,2021-01-12T09:00:55.627Z
d61ffb5c-2588-4132-b1f9-d934651a50d9,2023-09-15T07:47:47.656Z
c77e7673-d940-4571-9460-7a3d000cc91f,2021-12-15T11:36:18.536Z
43d019dc-ad7f-43ab-81d5-cfe3cc13e226,2024-03-19T17:55:55.983Z
715d01f7-9ebf-4a40-a81a-7c31706b6f98,2022-12-25T12:18:21.933Z
504f90ef-a989-467a-91b9-3e4c9e4b3863,2024-03-13T14:37:20.857Z
ecdb8d1c-49cc-441d-b924-b74349f179ed,2021-03-07T02:42:39.043Z
ca971e81-c35c-4c35-96b4-7e898107b9b5,2020-06-21T15:12:38.314Z
88a5de3b-fdec-4279-9d1b-05a559b59882,2023-07-08T14:51:53.510Z
798c9059-75de-4e9b-bbb0-a1c7410b1640,2022-02-11T23:12:28.856Z
4e20ebc2-160e-48bd-9fcd-f2a531b798dd,2020-09-09T05:48:21.275Z
db0c928a-5e42-4250-a422-32b52229c741,2023-07-19T15:30:32.939Z
21a201c0-7ed6-4aff-bd59-d6d7055e19e0,2024-07-02T04:14:08.870Z
ec9c7845-daad-4e30-89b3-44c5e0a2edff,2024-05-24T19:24:01.211Z
65c0d262-17b1-48d4-93c8-854a981714be,2020-12-01T08:48:26.351Z
af1811a3-f1b0-44b4-a23c-8b054c022472,2023-08-17T17:48:23.617Z
c6a25948-5e56-4ca9-9071-364c4e22f01c,2023-10-07T07:27:23.294Z
d5967352-9f13-409c-aa69-1cfa206b13a6,2024-12-26T23:38:45.378Z
10944c1f-3a82-4959-b21e-d6cc59f2095a,2022-12-02T14:00:16.126Z
c90444b2-efb0-410a-b0d4-402ceffab531,2024-10-16T08:46:55.021Z
2576cc5d-49ed-4694-92e7-61fec14618dc,2022-05-06T23:28:17.647Z
f6445f25-9a7e-430a-b1a4-53e4b188448a,2024-10-28T09:58:46.279Z
dc38236f-cc15-401d-870a-ab1f710bd7df,2022-04-08T12:45:58.329Z
05703ab9-8c5a-4383-a270-93c81059f330,2024-12-15T06:32:37.470Z
c77dfa5b-a358-45cc-819d-5a78f393a12f,2020-11-26T12:51:43.121Z
52d4a0af-337d-4cbc-aa88-5d546de265fc,2023-06-15T17:46:20.183Z
50599de2-3500-4ce2-982e-24173b02f353,2021-06-17T07:39:33.982Z
769a263c-505f-480f-a1dc-d6406993fa4e,2020-09-21T05:26:58.136Z
6a9ac9d5-c258-434e-90e6-e079d788e4a6,2024-03-13T09:34:22.167Z
ede8ae85-f084-4420-9f1b-2c9d24329f44,2022-02-10T18:11:45.464Z
ed0e2b0b-e830-4cdc-99f6-ffe666772ef4,2020-06-24T11:14:08.368Z
5ed6f135-3af7-4222-a79c-980aae767af8,2020-01-11T11:33:17.398Z
740486e1-5e5b-40b6-97d4-39679b5c29fe,2024-05-18T06:48:35.774Z
c5f16666-1844-4d76-9ffb-020615719c8a,2020-02-02T16:33:17.489Z
8a31add1-d2d4-49c0-8a41-78435aea2c08,2023-05-26T10:19:38.328Z
007b0b27-6e6f-4b38-9c50-4fb975e81dda,2020-06-21T23:12:37.713Z
f50067ea-6b55-4d89-8820-b7f3d919184f,2023-04-29T05:00:12.524Z
61cba040-2715-4c14-83fd-1f0a6de8c659,2023-10-30T10:53:10.872Z
9071c243-b71e-426e-b921-bb18f4c95b13,2021-04-30T19:20:59.328Z
fcf47a2e-f9d5-425c-8a2e-495b18ace239,2022-10-21T16:04:38.876Z
e5c2b141-edde-4974-8e04-00bf00a81a98,2020-10-18T05:25:30.724Z
fba34337-6c72-4a7d-b60e-4d9c6b11b5d7,2024-02-08T21:05:36.748Z
70fe10d3-fbfe-46cd-b9cc-9b88a8c57277,2020-09-15T00:41:58.085Z
a8bd29f3-5b05-40bc-a286-5640260bee90,2023-07-31T10:06:05.407Z
746268a9-d231-4abd-912a-f80338127bd8,2020-12-23T07:21:27.973Z
4e67d164-5adf-455a-8464-c8c76fc27a9b,2024-05-15T08:39:59.156Z
fe52daf2-9392-489d-a523-6b5fccf362fb,2020-06-15T22:46:12.543Z
220ca34f-eedf-4309-b716-f33bbdd9e8dc,2021-12-21T10:02:49.268Z
86d455a6-1ac4-4afc-82f2-ff2dc90ff64d,2022-06-09T17:59:59.378Z
c4dcb149-25fa-4921-9233-1db39a7ff05f,2021-10-05T05:50:00.071Z
d8236bcf-fd9a-49d3-aab7-2bd8a726f1a2,2023-10-18T23:56:41.339Z
c1949105-b0b1-48bc-9e1c-c7ea64e52f82,2023-02-20T10:21:35.947Z
4a35ca70-4a76-439f-a8a1-546a05b3eb1f,2024-12-23T01:43:50.231Z
1b395f7f-3ee7-49a2-a40d-ef09c601e40e,2024-10-28T03:05:37.811Z
0b796349-ccf7-44ec-b293-f9b4e9c93f67,2021-06-06T12:27:40.623Z
f64374ba-7cdc-4dbc-a2c0-f81057ae64c1,2023-03-10T03:23:55.182Z
527b8d8c-6631-4540-84ef-bf6c2a404390,2021-06-11T13:01:08.866Z
be5080b0-61e0-4b11-9bbe-201e23f3c6d4,2023-01-20T08:27:32.520Z
cb029ee9-6298-42cd-b4f4-82a4c5a1052c,2022-04-14T18:12:09.655Z
4e630ff2-a4f0-4b98-971c-fcafdc8f0bca,2023-12-28T01:14:14.836Z
3406ead9-44be-42c6-ae76-4e75d0dedcba,2023-01-28T18:34:31.616Z
e4fc030e-d2f3-4436-b66e-135b473822a2,2020-12-08T13:56:54.098Z
929c0849-7796-4765-85d6-329a62f06574,2022-03-05T00:05:34.193Z
da19a009-1988-43b7-8a31-a8e556c84531,2021-03-16T14:14:30.071Z
5f1bc698-4c51-4c6f-8dcd-b866297687e2,2022-05-28T07:15:16.579Z
67bef8f0-f5ea-4e89-b199-e08d85a58c72,2022-06-01T05:13:29.076Z
29a5de6c-673f-4f05-a9b7-e5251ffe6f1b,2022-09-05T01:51:20.829Z
b0a54b4b-5dee-4132-8089-cd9b91b7c82f,2020-07-12T15:18:53.649Z
30b00fa7-0f16-4ae6-b35e-df021f39142e,2024-10-19T05:52:40.999Z
a58e5120-869e-4d34-b6a2-e491c563e6b2,2024-03-23T10:06:30.530Z
a6e7da3a-7f83-4b9c-a23e-adf6037524ad,2021-01-01T20:13:47.308Z
dc142c42-c3a0-4408-958f-babe25b6caff,2020-09-26T01:30:39.779Z
4278841d-3c5a-4996-8320-e0613871d2d1,2024-08-28T15:24:05.334Z
a6e915f9-0dce-463d-b784-7491c8760a96,2023-08-28T21:58:06.018Z
72fb047c-e70a-4a9a-aff5-e774b011e3c5,2021-05-21T06:42:59.977Z
7d17cd10-ab86-4c66-8d4f-fff18d104cf1,2022-06-05T09:57:38.416Z
ad8c3672-e59a-46da-ac06-bba4378e683a,2021-07-31T01:35:22.408Z
ac721268-6215-4596-ade3-98746733e358,2021-01-09T12:53:22.284Z
7e80e79f-8b68-4f1e-949c-f7d5ffe9e257,2020-09-09T02:04:21.766Z
0d0bbf15-36d5-416d-901e-341a65e83d50,2020-03-01T12:58:08.911Z
01958e03-ad5b-44e4-ba8c-1dcc9e5ecc79,2021-04-08T05:47:45.553Z
45d0f4e6-f8d9-48f0-83ec-772a4784f97e,2022-12-26T06:07:12.337Z
ff55bb23-b8e7-4808-851d-4f19538262c6,2024-06-05T12:29:07.522Z
0a438cb0-26e6-48ba-8bc5-3112a8246287,2021-06-14T03:34:33.178Z
5dbc6ae8-c694-4a23-a776-565f006edf93,2024-11-11T00:51:02.473Z
20baae5a-319e-4672-8a5c-b646a4a72dde,2023-03-06T06:24:21.004Z
a9f23a1a-a5fe-4510-870c-655ae4999af7,2023-04-11T09:41:54.986Z
ce9336c9-fa9c-4412-8e3c-dc63f34a5d88,2023-07-27T18:44:34.278Z
9d09b092-ef2d-4086-89e5-2bec2fc8abe3,2023-06-09T20:51:09.975Z
85031824-944e-4b57-b2b1-b5d84776b911,2020-07-24T14:12:02.137Z
c7b3a922-e264-4ca9-b49e-f996aaa55e22,2023-05-07T14:06:24.236Z
1504f4ec-d945-4fa2-8830-08592f7c021c,2023-08-15T04:11:35.486Z
e3516eb9-c24e-4fa0-b8c2-f47390888150,2021-10-05T18:59:41.604Z
643a2602-6131-4129-bbf1-319e45684ae5,2020-06-10T16:44:03.936Z
7e2a84be-39f5-493c-818b-b2fd69cb7e5b,2021-01-29T23:02:25.872Z
336961f7-b42e-401d-8670-b9c91d2c8101,2020-12-04T18:30:37.499Z
5627eaf1-8708-4807-bebf-f02b788c872b,2021-10-22T22:49:10.798Z
f26ffee2-2d46-4533-bcbe-eafcf0953814,2023-08-17T03:28:05.002Z
492a6f4c-69e7-4940-a471-74f328cb18b8,2020-07-08T23:45:22.133Z
32b345d2-1b3b-4e9d-a004-64080ef4b04d,2022-11-03T21:35:32.887Z
a8c7486b-e279-4c06-90f9-7036002a7b5a,2023-05-07T10:25:39.472Z
875d14eb-ee4e-4ded-a806-e3a0fed2c6b5,2023-08-24T11:42:56.243Z
97959213-4622-46dc-911e-9ce904e8403d,2021-07-31T05:22:30.510Z
0e166a2c-b7d5-408b-bfb7-c9dadb6685ab,2022-08-27T05:16:11.743Z
773991ed-1b7b-46e6-880c-33b14837c501,2023-11-27T12:10:37.892Z
cf818c93-e20b-4424-8c0e-836fc2d13b93,2022-01-07T16:57:15.148Z
7a2243f4-e268-4002-a4b7-6ad379ff6ed1,2024-11-08T22:41:38.241Z
382925df-bc5a-4ddd-8804-85c2f1e82eb4,2021-04-20T14:49:34.275Z
c70e4dca-f62f-4363-a207-e5fda0bc622f,2022-09-17T09:50:16.087Z
5ac3ae39-f762-45a9-9545-b37991435d41,2021-06-23T19:11:38.185Z
f1f56bb6-efb7-4f6c-8cf9-e6ddede12daf,2024-12-20T15:07:48.931Z
e3afecbf-7134-4d5c-a6b0-670d97e36776,2023-03-19T04:27:31.709Z
8349a278-a52c-488e-84cd-4e2be0d16bf0,2020-02-18T06:11:06.463Z
f25e2e2e-609b-4a26-9e7b-7e3faa382b77,2022-04-22T00:31:24.951Z
76576336-2d61-44cf-88f7-85d7287cc368,2021-04-03T11:31:37.884Z
e4031541-2a91-4b42-9eaa-0ecb19fe1377,2024-08-17T06:57:54.184Z
09811077-86a1-4f35-9397-c1964f5a6c82,2021-03-15T22:34:29.982Z
97aec0ad-59fd-4049-a50d-3cf93bccbb65,2020-06-06T23:41:17.505Z
93913e84-9584-4226-a575-2cb9bd22b7b3,2024-04-10T04:18:17.917Z
f841d74a-5598-4767-b233-d9c9ed1b648b,2023-11-02T23:53:10.881Z
6e06095b-e607-47fb-8b76-89993ae9c1cf,2024-02-27T13:34:29.281Z
fc8cf118-f5c3-4402-a26b-01802f477940,2024-03-30T19:01:53.089Z
ace1d734-a728-4599-aaa6-302c1b0d949d,2022-05-13T13:46:41.198Z
ebcae2af-d4a2-4cce-b498-3c65a99a91e5,2023-10-03T19:31:57.422Z
2641d358-8acf-42e6-9979-a519a18c66ea,2023-02-04T16:52:14.415Z
9de923ac-42d8-4870-aaea-723aa0dca91c,2024-10-13T03:40:06.437Z
9970d27a-7721-4f0f-83e2-a30ccbdfcfeb,2020-01-10T04:01:14.302Z
09dc7275-ceac-452b-8b9b-0abfc471bf92,2022-08-08T21:45:03.323Z
277f9c7d-b7ab-4352-acc3-6cf34486fc0c,2022-08-07T03:30:10.182Z
57b25cef-038c-4dc9-ae85-066e7e83a78c,2023-11-18T12:20:19.905Z
7bbe99f0-453c-4a5e-ae73-9616826e2bf5,2024-02-04T04:51:37.876Z
e1a178f5-33c4-4bf7-a2b7-eaf3492d82b4,2020-12-25T03:17:59.130Z
d283ec59-b5c1-44c4-98a2-2733a7dd7ce6,2021-02-04T17:31:31.999Z
61373373-e532-40d8-a285-2a77711ed2b2,2024-05-29T03:09:06.840Z
f98842fc-7c29-46f2-9024-ccadd2b54e39,2024-07-20T21:16:26.104Z
ebbea0a2-7e89-4c6c-bd8e-a5fb95f2e2b1,2024-05-07T13:07:52.696Z
7feb98ee-3e3d-4b36-b562-7cfd4cab60bb,2023-11-20T11:05:19.683Z
e4192d10-5649-4ca1-b945-6787f1218d55,2022-06-21T13:04:39.761Z
307e428a-bbb2-4d60-90c6-63104bf341fc,2024-11-05T14:08:19.083Z
7e48c29d-dbcb-4c7f-970f-ea531df2b14f,2024-11-24T11:29:32.975Z
d52056fe-256b-49be-89d7-c202f935f461,2024-11-10T15:42:17.547Z
b28adc99-98a6-43c3-b251-96e540fc2484,2022-11-19T13:48:43.233Z
3b2ef668-6448-4220-974d-e323db2a3949,2022-07-08T16:08:00.296Z
17ba370b-4f47-4626-8351-725c66b0135b,2021-12-06T15:55:00.080Z
4bbb0f35-d783-4505-9592-1f7501751ac6,2022-09-04T20:55:37.674Z
c1b8c9ea-15dc-467b-90d4-e77b4a8baf80,2021-10-03T08:46:11.892Z
91952f20-c61b-43f9-b95e-41eb02dfa58e,2020-02-13T18:05:29.639Z
57299b80-178d-4c60-8385-fb432531d951,2024-06-23T08:32:26.292Z
1ad5c55c-4faa-42bb-b2df-02323fabaf3c,2022-09-15T07:17:09.032Z
a73e4ccc-db12-44e6-b455-82510df8885b,2024-12-12T21:02:30.289Z
864d4c2a-72ca-41fa-886a-5ba6a9e78982,2022-07-27T12:30:10.523Z
4017cb35-e7b6-40c8-891a-6affb6656d07,2022-07-17T07:54:31.043Z
07a98f74-601f-4016-8d6a-7818f5959ed6,2022-08-21T06:21:23.760Z
df5d68ed-66cd-4bda-876b-8d7fc173d27a,2021-01-07T07:08:06.782Z
7c4cc455-9acc-4173-860f-4ba824b87bcb,2023-09-21T08:45:37.465Z
219ee690-6fbe-4703-b43c-f6300c8dac1c,2021-12-21T18:59:11.893Z
b266a96d-87ba-4f40-b282-5c156c206025,2024-01-22T04:00:09.715Z
ed785992-cc31-4dcd-a755-f1a88d7a35f5,2020-01-16T21:13:44.019Z
09ed469b-6f75-4582-8d56-5c73919646e5,2024-03-27T06:51:28.179Z
d2bdc714-cdff-4f1e-896f-999f9cb57b66,2020-08-08T05:35:04.216Z
9977509f-32f6-4756-a07e-1dfd42ee0f9b,2024-06-16T18:32:45.237Z
2add570b-50ca-434a-8dab-ee850f17d514,2020-03-05T12:38:22.719Z
ea97a19c-9a1f-448a-8cac-c5b7af87535d,2023-02-04T12:26:22.164Z
192e0a18-f625-4d6a-829a-42ec01f0ee99,2023-05-10T09:38:00.559Z
ceab97aa-429d-4053-8be1-1f9823db5c57,2021-03-14T19:32:20.346Z
98a01e4e-0e02-4f49-b0e8-b568744d07d5,2023-03-27T01:35:53.062Z
8e2b48bd-de81-4912-886c-32c0a1d2812f,2022-05-25T14:35:26.821Z
8705ecd6-dbb2-4620-a6e5-abfc960affb0,2022-08-16T03:49:16.677Z
acc5c340-df50-48af-84f0-a5e74dc96466,2023-04-08T03:29:32.164Z
1207064f-aa41-4677-9230-ce917dbfe8fd,2024-12-07T09:42:31.487Z
2740c41e-0f60-48c6-a46a-a78ae4bc76d8,2023-11-26T13:21:55.472Z
3a482aa0-29e5-49b1-a294-912888660f0d,2021-06-30T04:38:13.673Z
79e1b906-2755-4694-b9b8-0d2d7385b6fe,2020-03-05T20:37:11.651Z
bb3b1e1a-2c86-4747-8099-76777ad488e1,2020-07-21T14:48:51.511Z
26611d46-6504-4c5a-8329-f6b9738c4f1d,2024-12-31T02:27:12.487Z
df732ab6-4bd8-45fa-8c68-4598b4e329d1,2024-05-08T09:53:41.038Z
5a5e4e13-f612-4876-999a-4c03e61e8d3a,2024-06-22T19:01:51.024Z
5c445c42-6144-4a3f-8df3-ab8cf04d8306,2020-08-13T10:20:20.028Z
a357174c-3bc0-46ec-bdca-2258d83b678d,2023-04-18T09:29:10.372Z
48f53b7e-70df-4de2-8ecf-8cdad059eccd,2022-12-21T09:47:07.810Z
5c89e8cd-d784-425a-9ae4-1d0dda3cda6d,2021-07-20T09:35:38.576Z
a904471c-563d-40e5-bbc1-1b0f1c7d3a75,2023-11-11T12:54:33.381Z
4b8f10fc-2ce1-49a6-8db7-ae626439e409,2023-09-11T06:44:53.711Z
55df44ce-e126-49ff-a634-4dbde76a48f9,2024-07-01T12:10:26.788Z
62bdbf55-5c09-4491-88ff-04bb9caf6c87,2023-03-31T02:44:49.677Z
4048ffd4-4f11-4acc-b1b5-7fc4e1e47586,2022-03-21T14:34:58.114Z
3c8bb024-bbe8-4c7d-8509-a617bf139838,2022-06-24T02:43:15.729Z
8d6f57df-d852-4d1d-81fa-9386390765fa,2021-05-30T05:26:37.074Z
8d042637-813c-436a-8b64-c4179502b5b6,2021-11-10T15:17:10.933Z
5c56990c-a174-44d9-b6e3-2184ddfd33a6,2024-09-25T16:56:04.492Z
553a47d8-9615-44aa-92a6-c3a6b7117584,2020-05-16T18:33:17.916Z
bf8a6250-06f4-492c-a5a7-f254a0f4b379,2024-11-30T10:15:59.963Z
8a606ba4-be51-449d-8a1d-ccbf8d5910d5,2021-08-16T05:30:44.361Z
c6aaf490-f85c-4868-9b58-38f03f765475,2020-01-02T09:30:41.986Z
8f74fb55-0425-4f99-ab70-d75c6194cfec,2024-06-10T03:36:05.683Z
b5205ec1-11ff-479d-92fc-1b18cb01b5c4,2023-05-16T19:08:59.297Z
b345b212-90ef-4afe-9abe-9593af93a15c,2022-03-02T22:28:05.388Z
13e61f66-5409-4fba-b92b-fde5e471f507,2020-12-03T05:16:49.954Z
c2056723-98d5-4f24-9b0d-735548d66ffb,2024-08-15T18:36:03.620Z
8112159e-fbdd-499a-9fa5-818da225efc1,2020-01-24T22:18:42.235Z
9654ee92-3b66-421d-93f3-972c0d86af51,2020-06-06T14:59:43.227Z
d9c7cf19-b2ea-448f-8f36-29151f1d6cff,2024-02-07T06:58:58.769Z
0cd93f76-02e6-474b-b34c-ed790936f8b0,2024-08-23T05:07:29.617Z
08eebc17-302a-4b47-96a7-357e01f78c16,2022-07-27T09:27:08.165Z
d0056c62-8a6f-4e25-bbe2-dde447b8f39c,2022-10-07T21:34:01.343Z
5f468bc9-b8a6-48a3-93e8-75d04f5239ca,2021-08-30T03:26:46.632Z
02e1e5b9-76b3-4283-87db-3b9f680256b2,2022-07-14T20:26:36.397Z
d0754007-8a35-4c14-b125-6fd7361c8c40,2021-08-16T23:55:49.520Z
c5306156-7e2d-4fee-8a97-c895e2948927,2021-06-28T20:28:10.662Z
22248bda-5f99-499b-b095-8025e15fb143,2022-07-11T06:17:36.240Z
43e37e79-1d60-43b2-b4a5-5757e97d5485,2023-11-18T00:57:34.586Z
472ba0e9-3395-4148-876e-ba73d47ac1f0,2021-03-10T02:39:46.871Z
8cc7af4e-dafb-42b5-a54e-8b773c91802c,2021-01-05T13:53:08.199Z
e6596f0c-0d4d-41df-aca0-acf60f22e1f0,2020-03-22T00:22:55.153Z
e4c9bfe1-a9d3-4e67-bcf0-1b27b0eea457,2023-11-13T19:23:02.470Z
502f45c6-b3dd-47c2-b565-25d4547d870f,2020-09-15T08:19:16.841Z
37799b1f-e3bf-4755-8cc3-dc3ca7565b47,2022-02-25T01:14:07.686Z
f1eedf0f-dc2d-42b2-8249-19eee1b19683,2022-03-12T15:55:51.980Z
ca9bab38-f361-4fd3-840f-2f788614e716,2020-04-08T12:47:20.384Z
b5924f8b-bbcc-4a87-b8cf-04569b0a8484,2020-10-23T16:30:25.736Z
77b6eb26-921c-44a1-a160-04ce1db93ef0,2022-10-12T16:07:22.467Z
f5c7b11f-2927-4456-bc4f-1038626501c6,2023-11-09T05:42:33.493Z
8dba352c-688d-4ade-a714-27c61ba5f34f,2024-02-02T19:30:54.860Z
114eeed2-d513-4ce8-9ee4-8082d2f0a493,2022-11-09T02:22:06.324Z
9d0bc428-9466-4c00-badb-a40c5ede91f2,2020-10-23T16:16:41.980Z
9d47c5af-239f-4579-9656-674e1140a507,2022-08-03T14:33:50.584Z
2104be91-2379-4abc-b425-78d90ec2061d,2022-07-28T20:43:23.448Z
7a06656b-6ebb-4eda-b234-4389f5d1e95c,2024-02-20T16:41:01.761Z
673a2799-230b-4b30-9b78-e04e504f2289,2021-09-12T21:00:03.804Z
0e7c25ce-840f-4fb5-98cd-afa8bf51809b,2024-03-28T23:27:12.578Z
97fd7efd-1331-4022-b164-a060058f48eb,2022-12-27T11:37:32.099Z
a4643d90-8271-4df3-a59c-340a7c215446,2023-03-30T19:05:07.090Z
7f173e12-d8d6-4123-bc1d-1713966398bb,2021-09-10T13:26:38.131Z
4571e222-61ef-46ff-b1ca-b70b0221d11d,2023-03-11T13:15:33.386Z
e0c857af-e3da-40ba-8b22-1ea660903e3b,2022-02-22T15:23:57.865Z
cc425199-2046-48d2-8a33-0dea1b7e1b65,2021-12-20T16:40:48.914Z
650557ac-a0e0-4e63-bb14-1277d21751df,2020-09-04T15:43:51.630Z
115ba463-52d5-44c7-b1e0-e477fe4febba,2021-04-01T05:47:09.776Z
0f055dea-cfa2-40d8-9b96-4f0813b0827b,2024-03-13T21:38:30.753Z
a3eb35cf-170f-4be5-8098-7bbcbade5cb2,2022-02-12T09:06:17.560Z
31a99a08-f05f-48d6-92d8-d3fa50f6b472,2020-02-22T08:12:24.356Z
efbb230b-0c18-462f-8a34-cd9fd6d5fd13,2021-05-18T20:41:41.608Z
98bae1df-5539-4a82-bbe3-b5398566c2f4,2024-03-22T10:23:29.652Z
07ad9cda-5620-4b62-bb99-0b5596dd27b8,2021-11-30T19:41:31.502Z
844c7616-b590-4a0c-a316-67c564d16b0c,2023-12-20T13:21:28.089Z
9bed8ce0-a1c6-41d9-a315-25ae64351168,2020-01-23T08:05:25.912Z
d3adfac3-b141-45bc-a05f-33f8be988270,2020-10-05T03:41:15.542Z
85d46958-0e3d-413f-ac20-a5fdd61fd687,2022-05-12T08:56:26.432Z
2c10835e-47be-487d-8c36-e3fc0df88a22,2021-05-17T15:28:02.331Z
c57d4ffc-6081-4150-a5ab-d3b62259a953,2023-04-27T00:11:01.662Z
76d05452-635e-4bfb-8a30-756c443357d0,2022-11-03T10:51:28.243Z
d96f590c-abd5-4e34-8a93-016ecf70fef3,2023-02-27T07:07:34.089Z
2f9f835a-d8d0-4a0d-9c47-69165177b885,2021-05-13T12:37:27.990Z
9f665c01-583b-4d29-a588-33f3d48ee066,2020-03-04T16:31:54.778Z
5ba00565-0646-42cd-972a-f0121b5e7068,2023-12-11T07:00:15.649Z
a9d5a876-c789-4505-8ab6-be8ae0a4398c,2020-12-27T00:12:43.399Z
c42c2c1f-d7ad-4755-a7f2-cfc438f777fe,2024-06-21T13:45:03.578Z
2907ad86-97f5-448f-98f7-10ee0b29a636,2024-08-11T00:08:13.766Z
08d0cb3f-0c9b-41d8-952a-3d8b9fb8e39a,2022-11-25T01:55:49.592Z
a39aed4f-c4ed-4a2f-b973-a4b5c11f5845,2023-02-16T23:45:43.648Z
d5efe658-0f4a-4592-a6e8-617c8f1d1d6f,2020-04-10T20:30:33.404Z
a34f2f6b-ac92-4baa-bd44-1e017d950716,2023-07-17T03:11:39.233Z
05cd3032-6e7e-434b-bf82-22e339da8d17,2020-12-01T15:47:12.112Z
30809f62-6087-434a-9c2a-8bc36f0edf06,2024-09-05T09:34:40.685Z
8185e6a5-a9da-4f6e-85f4-d5078604862b,2024-09-13T07:47:53.880Z
09d2161a-097e-4649-9584-699666fab467,2021-02-04T07:06:33.006Z
d6c564ea-dc1e-47f9-900a-7308ca01f8e2,2021-11-11T03:49:38.543Z
b2ba6a5e-9872-4fff-8c9d-df1a3257a3df,2021-09-22T00:29:35.823Z
82f4ca4c-2658-4c73-b693-eb646fe36884,2021-03-15T08:51:36.939Z
7de3bdf8-680f-42a6-9592-bb69bdf720f4,2020-11-03T02:05:54.073Z
201a7b19-5ebf-458c-80cd-fec894bda33b,2020-08-12T06:13:52.114Z
ed0e6872-4cf7-4146-a646-ddbef70f9967,2022-12-06T06:50:08.114Z
27578400-41bd-4aa9-aed7-b986781152ea,2021-07-12T10:29:55.687Z
56d60ef7-2a1f-4ad6-814c-80271fed128b,2020-09-14T10:42:09.888Z
b8b331bb-0bfe-4df1-9fcc-3188df32acf8,2024-12-24T05:04:44.212Z
6edee676-bac1-4dab-9ded-1967262f331e,2023-10-10T21:35:22.609Z
e1cdfb04-b8f7-4d02-84f6-b1ad05141424,2021-06-22T15:42:20.800Z
2cdb5a41-c1dd-441d-b7b7-979ad066d39f,2023-06-29T17:22:35.943Z
6731f3f1-6a1d-4551-bd28-12abaa649a96,2020-08-24T14:54:55.155Z
2d847e7a-de5e-4cca-af4f-3eaab190afb8,2022-03-30T23:42:54.951Z
ede066c7-74ec-4cbe-9d30-3e9156be7256,2023-12-04T22:31:25.699Z
d9d8d0bb-7d0c-4fbf-affd-ee672662a020,2024-01-27T16:25:57.479Z
77b8a13d-3d87-4451-a13f-949a92c78713,2021-11-13T12:14:34.332Z
99603ef1-f9e5-4e8a-822b-aa89ec3c588d,2021-06-09T00:31:20.943Z
f7f3326b-8652-466c-b5be-95db742f61c4,2023-03-14T08:39:47.552Z
90a4ca36-279c-4f48-9243-da3148d8a06f,2021-02-04T20:46:50.333Z
89d2f94a-f784-43e6-90e1-b68b413938bc,2024-06-24T20:39:59.135Z
f29d057c-c773-4d91-865b-ac5e62aa64a8,2021-02-01T14:55:41.260Z
6aeb2163-7e09-4564-9c69-1ac44617d165,2023-10-03T14:36:02.634Z
04a6209b-895e-44cc-b2b3-c656f3c29d8c,2021-11-29T21:00:59.511Z
de83e19e-c503-443a-b067-5cf33c45cbaa,2024-01-04T04:04:29.652Z
b1bbdd08-5911-4c4f-afad-2c034eb65ef5,2022-02-03T03:29:28.436Z
010795f3-5652-4ec5-85ea-1c156c8332be,2020-03-23T22:56:54.706Z
336578da-b5e2-4e11-8632-685a31ac9af6,2024-12-04T01:27:37.617Z
2253ec7a-4d2d-4152-8489-0ac51a555ead,2020-01-17T08:47:00.111Z
23cc8629-99bd-44ce-9705-45653853461f,2022-05-09T13:24:48.303Z
5a5e6840-e7cf-4bc4-9d26-73ca2ff5f7ad,2023-03-01T03:20:32.675Z
1f454aec-0a88-4a52-97ed-4c84da123de6,2024-05-26T20:25:41.122Z
dd86331a-0ec9-4dd0-b46e-05be43de819f,2021-03-20T22:31:18.333Z
eb58e8af-002e-4cc5-a899-2a5e93f98775,2022-02-15T01:57:25.574Z
b7d26625-dd37-446b-b56a-dac2504cae52,2023-01-07T06:35:40.259Z
6f87e444-5331-4340-8efd-49d35264bf7e,2024-07-20T13:04:20.092Z
d8e0265a-d15c-427d-9035-5c950c810982,2022-05-23T01:04:03.871Z
aeecaf88-816a-45c3-94c8-072ad7bcbfce,2022-04-18T18:54:39.705Z
484fc586-c8ce-4660-ad06-278619f2f19b,2022-07-24T02:20:59.556Z
5b1c0058-375b-4cc5-a187-45e9f868a8cc,2022-03-17T11:41:21.914Z
6130ed45-56a7-42a5-a9a6-88830de40f71,2020-12-16T13:36:32.337Z
b5da8449-5908-469e-98d9-2ff6ed0ad193,2020-07-29T10:19:56.483Z
f887d62c-e840-4ccb-92ce-965d98708f18,2021-03-14T10:30:21.862Z
942e3171-3ec7-4f64-8490-8bfd938cef23,2022-02-21T03:45:40.301Z
2a935c0f-afb2-42f1-ba34-9d5a07cae442,2024-01-26T12:32:06.791Z
8b5f6d21-18b3-4443-ad24-9b27183427a3,2023-05-05T15:47:09.169Z
2012a47a-b666-4b6e-b1c8-1d4fa99c0ff0,2024-05-23T23:44:11.963Z
b1d32031-1dd3-4d60-a11e-76805b651d38,2022-06-30T23:20:42.366Z
545abc3d-4348-4522-906a-2f0cd5120e03,2024-07-21T06:32:21.212Z
45d14d2c-4642-4692-b514-eaf36f812d6c,2023-01-09T00:50:01.162Z
c2928792-9427-4ca1-9255-2951fcb8e415,2022-03-24T01:43:04.081Z
250872c2-b848-49b1-9f8b-2d7c41302bd6,2024-04-28T23:26:01.088Z
44d178bd-987e-4b60-b162-7259272b203a,2021-10-21T03:06:40.343Z
de6721d3-7e38-4e10-a2ac-4a85b4e59578,2022-09-15T00:26:18.771Z
bad45156-d253-4f34-b726-c719613dfe47,2020-05-01T05:01:09.975Z
661aaafe-b2f3-49b3-8898-4b4faa0a8298,2024-09-28T09:06:18.889Z
a3b35813-3f35-4914-b734-60577d875f56,2024-03-15T06:42:23.455Z
0b0951ed-7324-4f57-a954-71776cb8b28d,2024-01-31T02:27:59.941Z
e63b321f-fa91-4e0c-a373-f97de2ae7188,2022-02-05T16:41:20.657Z
ebb0e63c-76ef-4aaa-b410-fdb81f81140e,2022-09-14T23:28:03.597Z
88ec9c14-7c03-4254-ac7f-edd4674e354f,2022-08-18T04:34:10.734Z
72fcd1e9-658f-471c-be18-6843a89eacd1,2021-11-22T10:11:52.586Z
e58405dd-302a-4a8b-86be-f47addd6be5f,2020-07-22T22:54:42.429Z
4f91da90-2fb8-402c-9523-658528079375,2022-10-16T07:19:47.981Z
1576766c-70c1-4b95-bd97-e808707acb4f,2020-04-13T18:50:46.385Z
172067ca-3fed-4de8-86b1-3cd4599d292f,2021-05-23T05:15:20.263Z
82ac6d7a-b33c-45f0-8535-95f5615b2c00,2024-09-01T14:25:16.471Z
f145fd5a-348a-4bdb-9ffa-fd0aef6da833,2021-10-23T08:04:51.930Z
b05694e5-86a5-4d2d-9519-1de351db2735,2024-09-04T18:51:40.448Z
34e667eb-9152-47a0-855d-c1762592bf40,2020-12-07T07:03:48.587Z
44b7f2f6-536a-41c9-87a4-4934dd6d0b5e,2022-07-27T14:43:14.267Z
d70cc6a0-cf4b-48ca-8205-2d8c383de424,2024-12-18T20:55:37.001Z
b8aea285-8695-4d01-aa76-2a47bc7b04f2,2021-08-02T10:02:46.318Z
bd4a5874-8c47-4f2f-9854-1465ddd084af,2022-11-08T13:53:22.718Z
edd649f9-d493-4a14-8afe-d7054f4a04d1,2023-05-16T16:57:56.567Z
26cd1c96-7775-4ed5-a29c-a45f587c27fa,2023-10-12T02:30:10.459Z
a3fadf3b-8203-48a9-85f4-3d5c55588b21,2020-08-07T13:46:48.613Z
f87cc83f-2406-42a5-8685-d147daee2f8a,2023-02-10T08:20:53.756Z
89cc4452-f159-44f2-9a9e-738c24103652,2020-12-05T21:08:26.397Z
e7a6e1d8-9b2d-428a-96ba-848b2cfe6d39,2020-08-13T08:31:03.366Z
f4d3ad16-5b93-4123-bbdf-397aaf240e15,2024-06-24T11:28:56.307Z
920d37f3-a665-445a-8575-6524eab14c85,2020-01-01T00:27:31.953Z
14800fab-c118-4f04-a45d-ecf4c0a1962c,2024-12-29T22:50:24.836Z
816d26f8-5a92-407c-a75c-9962d34cb532,2024-06-05T17:17:52.683Z
6877f428-b7cf-4df5-a748-ad108127cef3,2021-08-12T15:11:32.421Z
821b2bdc-7ad1-43fd-b41d-840660297b83,2024-02-13T08:42:48.364Z
1f33dad9-cb40-4c21-bd11-96b6e3a26d0f,2024-11-08T09:31:22.372Z
f9202441-0ee1-4e2c-b74f-2d4e243060d8,2024-05-11T18:25:42.013Z
8330aa3a-d870-49bd-9dce-ae0901072445,2023-10-04T12:26:04.827Z
0ad74a38-ee94-49ff-9bea-b5db82cabda0,2024-04-20T08:25:13.927Z
ca571c98-b2b9-41ae-89a9-bae572ee37c4,2023-08-27T06:55:08.363Z
486321bc-4a53-4960-80b2-66148a403591,2023-02-01T18:03:06.061Z
951aab85-bde0-4383-bb19-f527ecef5628,2024-08-21T03:04:15.385Z
8d443741-fb34-481e-83d5-432105554fa0,2021-01-17T01:46:35.573Z
77373086-b159-4e1f-8f0b-678b809d0070,2022-03-12T14:05:37.000Z
d1ea0575-94eb-43ea-bc68-12599a9be0e0,2023-06-26T00:53:48.626Z
f293638e-9c30-4b58-8c34-69178f2355b8,2023-02-11T21:52:42.612Z
13ec926d-9514-4296-bdb2-0d263b730c8d,2024-08-20T05:07:45.974Z
aaa366d0-7606-40a0-8c9f-1b5e46d27dff,2022-12-07T01:47:15.560Z
6e8871dc-e1cf-4f36-806c-dd3985616db3,2023-10-16T10:46:41.833Z
2145e1c4-3ff1-42a6-93fa-962c59d25079,2023-03-30T22:11:40.302Z
61beb145-d33a-4730-8ddc-0c59f80ed9ac,2024-07-12T10:53:55.557Z
b4400bd2-8c07-452a-b2d8-d74bb06f7328,2023-04-24T19:18:23.850Z
3bdd4770-64a6-46dd-b8e4-a8267cc6e16e,2023-02-19T23:07:12.305Z
9e479bd3-5db2-4b93-8464-eaf512739f44,2020-12-27T07:53:51.380Z
b4068c1d-b510-4605-b374-c883cb3923d0,2022-04-10T06:38:41.267Z
3835aad6-c31f-453a-84c6-4c00a8f093fc,2020-07-25T06:42:33.929Z
65c0cba3-7d0c-43df-9c66-af8b0fbb3170,2021-02-09T02:02:11.698Z
0368948e-28ab-4496-9b2c-99d52792498c,2023-05-09T01:13:27.181Z
591df532-9e84-4e89-ab62-e0b093824254,2021-06-12T17:24:39.446Z
1b6c0e35-8ddc-4bff-bc23-8123569d1fee,2020-10-20T13:25:49.894Z
edf8a747-9d43-44f0-9b3e-2543cdef4c45,2021-06-07T07:05:42.458Z
15e891e5-16b1-47c1-a3b2-0ea8217549b8,2024-04-20T08:13:14.400Z
112d284e-5485-47a1-977e-e8bc5dc0f190,2022-04-30T14:59:41.024Z
72bf85e9-0ed2-4b9b-a490-cbf8107b6e76,2022-11-20T21:24:46.550Z
d636ece5-4279-44bd-a1e9-ce5eaa97e5e6,2024-04-23T15:24:57.173Z
51804cc0-84ac-4fa7-b0fd-e33c05c547fd,2020-06-19T08:14:43.856Z
1d5d176a-2cd4-4fbc-97b1-a63a3ef9e12a,2021-05-03T09:19:37.550Z
71c53f6a-11b1-48ec-b2e7-ce584cc5a849,2022-02-25T07:29:09.089Z
ced539a8-8b2b-49f0-8a52-b0aed5b36ed0,2022-10-08T03:59:17.439Z
9881e900-ff66-4a55-8d51-18363dec1f11,2024-03-13T00:40:29.096Z
9833e0f6-2bc7-4063-b6de-9f1cc578e45b,2020-08-08T10:19:50.183Z
f10cc6b3-729d-458a-9dde-6797d7cae90a,2024-04-18T14:56:08.383Z
0a6c4f35-c2df-4ca0-96a5-c5e73c58052b,2020-11-27T13:38:45.707Z
88c5078a-18bb-4f56-8707-8fcbf0094e81,2022-01-13T08:58:09.025Z
853ffe05-c9ce-4f2f-b0b3-9e53566903d4,2022-07-13T02:43:41.451Z
c762f15a-a9b7-4232-a5d2-ae8937da636d,2022-11-10T08:32:28.749Z
9df100d0-b593-4bd1-9d67-977218999d51,2023-06-26T04:33:33.337Z
92eb286b-21c2-47a6-8213-970fa12e61bf,2021-02-22T03:35:00.320Z
e6c8211d-f34e-4361-a11e-9d95e73c1f3a,2024-07-08T17:46:29.345Z
38786695-d824-4c42-b95e-b17c486d8fe2,2023-06-11T10:55:19.985Z
da42afa8-9ce8-4216-af9a-279dda7fea11,2022-08-30T02:49:36.040Z
9f91c85a-648f-4e7b-bcc0-3f3e15746762,2024-02-26T16:41:33.945Z
50338361-da7a-41f3-a346-c5efdb8f1af2,2021-09-16T16:36:39.841Z
147aa5fe-65d5-473c-a5a1-9d63aa6dfd92,2021-10-20T13:59:34.909Z
a4e88650-e756-4ff9-981e-e7e1085285e6,2024-01-18T07:02:39.212Z
13b87b18-a417-4992-8acc-3be0f816b922,2020-06-07T01:37:13.625Z
cd984c12-50cb-4543-8340-920c3b22949b,2023-10-06T09:44:19.509Z
f33e6e07-1e7f-4313-9e48-e2b1b0a31e60,2024-12-28T02:05:06.714Z
14e7f6bf-5653-4c60-aef7-9233a5279f2e,2022-05-25T02:53:36.092Z
0b785c73-cf85-4f06-9e57-7301d5e18262,2021-04-27T21:57:31.736Z
bb9978f7-4368-4f9b-9a97-642a88f8e164,2020-07-17T05:10:11.221Z
0b854eb5-4850-4944-ab0c-b8e0b6c2126e,2024-03-30T17:41:23.008Z
4339a59b-6a00-4c33-ba24-8857cc0d980d,2024-07-28T22:47:43.307Z
2306e217-2f7e-47d6-bc2f-670d9face306,2024-02-07T13:20:13.392Z
2e71bb97-b449-4081-b849-27417223e57a,2021-02-20T02:07:04.582Z
745a3d11-8c73-4fb6-955c-621ca2c22786,2023-03-06T23:51:41.818Z
f50c48d3-92dc-48d5-bf29-cb07835dddc2,2024-07-02T05:44:32.742Z
8fb0931e-0b49-4b86-bf29-1b03b414ceae,2024-05-11T20:26:13.071Z
9f2066b3-70dc-4747-93e1-38bda35993f2,2023-09-11T06:49:43.449Z
3ac09c65-76d7-48de-9bff-bd823557d310,2020-08-25T17:12:55.522Z
6e954be8-59ba-48b8-9a39-b5156210519a,2021-01-29T05:21:56.183Z
ca70d6c6-c268-4cea-bd54-5cd02c956f4f,2023-11-27T16:17:06.804Z
872990cc-163b-4f80-ad36-8d7257ff1741,2022-04-08T21:57:49.636Z
3a02a380-1527-441d-95e8-61b1ff4db71b,2024-08-26T04:18:58.810Z
2b9694a9-6550-4ab4-a819-c014ccdf93ac,2020-12-22T22:12:10.408Z
200c74b5-749c-4161-99c5-65d2125098fe,2024-08-02T04:09:06.820Z
7f07b0e0-a407-493f-bd37-30e8def3e78e,2020-01-13T00:44:32.054Z
1f3829e1-186a-444d-a455-29f08609898f,2022-09-23T20:54:06.161Z
69d324dd-b5b9-4a3a-8be9-183eb6fd3580,2023-10-06T22:16:30.759Z
e3678f34-24b3-4c8f-8860-9ee0d66d133e,2021-11-29T00:42:13.191Z
7330d5c8-e56b-45e0-81c3-ac36cbc2aea1,2023-11-04T22:15:26.456Z
d1724899-cf42-43c3-84aa-d5c7d2dec8d2,2022-12-15T20:36:06.745Z
d306c061-89dd-46ec-b2ca-82336f9a5b80,2021-09-02T16:31:50.853Z
d13311f7-0f86-49fb-86f4-b36fc7e10996,2021-06-08T15:58:00.018Z
1fa8e593-9c6e-4d25-9dd2-02487a246e8a,2020-07-05T02:21:23.837Z
fff92037-8ca9-4b42-893d-67d5d2d93bed,2020-05-13T17:23:30.609Z
40782bfa-b22e-4df1-9f0d-419f2ae721b6,2024-05-22T21:01:29.840Z
89792f9e-b53a-435b-8bcd-a76ecee9d19c,2023-01-22T07:20:23.715Z
b0201557-5d3f-4168-b4c7-c22e4c6f1872,2020-11-03T08:24:43.744Z
ac451dd1-9931-4f23-a1c0-75048533015d,2023-03-03T19:39:53.019Z
b58602c7-4728-4373-bdd5-8ce70128a925,2023-06-07T14:34:52.707Z
69e99942-fba6-4b88-b77f-f71df5a5a3ff,2023-02-25T15:23:29.954Z
c1e96f76-1c79-40f0-93d4-74d231e6d17c,2021-12-27T10:46:54.639Z
1b690e15-1147-4834-8193-65fdbaeab3fb,2020-05-25T09:05:00.726Z
7425264c-6729-4dac-8c21-89f6733785f6,2022-09-26T23:19:42.155Z
989b9775-8d70-44f5-a43c-935ef567aa7c,2024-04-06T03:17:34.019Z
46fdb260-d40b-4aa1-a670-fe5e0200a6a5,2020-08-27T19:56:26.776Z
6e494538-2b0c-4359-be90-2d70d166b2aa,2022-01-01T04:46:28.645Z
fdae7f68-6069-416a-b5b0-027a8b5fbce1,2023-08-10T19:23:08.712Z
b0da6755-f4a2-4484-a99a-96703dbaabea,2024-05-07T03:13:18.830Z
ba9fec39-025d-4fe7-bda3-ff3aacb0109f,2022-11-11T06:41:13.226Z
7ec45e39-29a7-4bac-b561-6dee412b0069,2020-07-03T14:02:31.433Z
db28b45a-3525-4afd-99ca-dbc300441fc8,2022-08-28T09:52:40.323Z
62fd37e0-ce47-466e-8005-1c1bf082a9e4,2021-02-05T22:19:04.579Z
cd7a19d7-a53d-4ddb-91d2-6db5f34902b4,2021-11-02T22:23:50.624Z
92fc5a91-3b83-4fee-a664-349e690ee6eb,2021-05-18T01:02:18.655Z
aaa0676f-39b0-445b-a367-10a7debeba17,2020-08-25T11:16:32.537Z
31f7a91f-9d95-4aa0-9f54-e08ada6baeaa,2021-06-04T02:55:37.248Z
4a579fc6-90e9-4f71-89f2-33441745a84b,2024-02-28T06:56:59.414Z
fbea1628-739d-4c2d-821f-b327efdb2b96,2023-09-24T10:44:43.859Z
fc1caa23-a9e0-4916-a281-64a6d18fb0d4,2022-04-02T01:59:57.956Z
36926d2e-661c-451d-b840-f7d3f6c50762,2020-06-10T19:06:02.699Z
bc2a7e3b-208e-4083-acc7-8063d589031f,2020-03-25T05:01:07.438Z
3c55a7dd-6ca9-4d38-85b9-99c99b49716e,2021-03-31T02:08:51.255Z
3e918a9e-8149-4d5e-9e2c-e33856d3029f,2021-04-26T15:38:20.297Z
6fb2d07f-569a-4256-afd7-d5e2252b9940,2021-07-03T22:16:33.155Z
b52c4b67-2cfd-4bcc-95fa-3deffbb494bb,2020-04-04T04:51:19.206Z
3b9f20cf-4cd6-4708-8833-1e8175fc6e51,2021-01-11T18:23:04.029Z
67609572-3ac0-4ef6-937c-627cd287c0be,2023-10-09T01:55:03.783Z
e9bfddcb-2d00-4a65-8bfe-217ca16625c8,2020-07-28T16:13:48.748Z
f732193e-f8f0-48a5-b22b-71cbb929b46b,2023-08-07T07:49:24.756Z
8c3a494a-60ca-46d8-b1d2-dd3b214f8816,2021-10-14T15:15:25.892Z
4a08a63a-5ba0-4f9d-8e6d-5056dd9ebc75,2021-05-05T19:12:13.431Z
2b551e5c-cd86-4884-bcb9-ebbd44f54775,2023-06-03T23:11:07.390Z
00f258e5-14fa-44ea-b8be-f300dcb881a0,2024-10-25T21:10:00.208Z
78b91da9-5633-4796-a7a3-aed8168776bc,2020-11-22T23:37:37.798Z
23444ad0-414b-4312-8ecb-9f22a581dd73,2024-07-04T13:20:43.270Z
4992d899-b005-4fe9-ac97-20ec7f7836c7,2020-11-09T06:17:33.178Z
cd5ce617-ef90-48b0-a7d4-9c187a8d1dde,2024-02-17T05:15:29.571Z
115bfe40-bcec-41c2-b5e6-e15b346c176a,2024-09-06T20:36:40.673Z
c09f82d9-1e25-4420-942d-5a78bccad9a1,2023-12-08T11:36:50.722Z
4028ad38-b50e-41ae-97d6-7573905ede9f,2020-02-19T13:37:21.820Z
d0dc4b4b-6358-461b-95c8-4780c8889a11,2020-08-04T06:38:44.664Z
ce3e38d5-02a9-4489-9b5c-d413135d88c4,2024-11-24T21:00:12.059Z
2b562306-4ad7-4113-97df-6eb171ffb8ae,2021-06-13T10:32:25.125Z
b427767d-e824-463f-a8d5-212b37e80675,2020-03-02T12:26:42.797Z
8d198927-bdc1-4ce5-8353-f6ded62480f8,2024-01-14T15:43:14.773Z
53bbb781-ba5c-476f-8520-9537695cfc8e,2024-06-12T21:35:21.677Z
968a4103-d566-4217-9088-f230e4c33b28,2020-10-15T14:29:20.980Z
e0082651-ee82-4e81-b526-b8119399d147,2021-10-26T11:08:06.133Z
589ac511-5eb9-4e1a-be3f-86f215991039,2020-02-09T22:34:32.818Z
53998e4d-8bcf-4e30-990d-fa779df55571,2021-10-17T03:39:37.290Z
0f095728-f93b-4d49-943c-51194a57587e,2022-06-06T19:39:47.637Z
98bd923e-f364-4073-bc3e-049cbb573212,2022-09-28T00:26:13.896Z
6b9700ac-8165-4c9b-be0a-3552201979f8,2023-05-25T14:36:15.373Z
85bdb4c9-bcab-427c-a503-0aa561360f25,2021-04-30T16:11:10.239Z
a857f082-fa47-45d3-bc3e-7ad29e01168a,2021-12-01T02:19:31.022Z
8efa28cb-701b-4e39-9a65-6d0f03d96403,2024-03-08T01:51:17.261Z
04402b23-3bff-4a7b-9b3a-5e0538816301,2023-05-22T18:06:16.448Z
23fdf45b-9efa-4e76-8a6b-cdc7098b8a78,2020-11-26T15:04:53.467Z
86690eb3-fa4d-453a-9b8b-7e645cf378c0,2020-11-12T13:21:54.416Z
a91d8653-7dab-4c7e-a861-eef2cd34cbe6,2024-03-03T10:04:35.610Z
eb2382e6-e2c9-4faa-bd8b-86b5e60e3b13,2021-11-14T03:19:00.545Z
8aa6a68d-017b-41fb-8195-d1dd6f1d0e85,2022-05-24T20:33:38.116Z
a94d58ff-e4fa-4cc5-a3b8-1efed37965dc,2024-05-12T12:37:13.656Z
9762f83a-ae1a-43a7-8bb7-06af8b796ac4,2023-01-16T20:26:20.650Z
1d738e28-e7bf-4750-956f-b4fe46079435,2020-04-30T19:07:49.304Z
d8f47a3e-3692-4bec-9dcc-479a23a137b1,2020-09-26T07:48:43.611Z
833b82c5-1488-423e-a9c2-62d17b965b88,2020-08-14T18:06:59.223Z
ed4ff4d2-8ecb-41cb-8868-f69809363da3,2024-10-01T10:08:35.485Z
e42885d8-27b8-4f2e-9742-0734a4943b2a,2021-09-10T17:50:13.325Z
15949c05-0d6a-44c6-a34e-f7c4c88bd8bc,2023-04-26T19:20:10.060Z
a6b87545-f501-454e-b6d3-db206aa0f704,2022-06-13T11:00:38.438Z
872c6716-9205-431f-a101-f2d77576903b,2022-12-10T00:47:48.847Z
915f5d49-8e0c-4e9a-8e65-ee7870cad24e,2023-01-20T09:25:54.950Z
2cf1d964-3eb7-416c-8253-be4de0bac485,2024-05-13T06:39:58.761Z
0a9b2f93-b422-4d82-b070-b16bea2cc8f6,2020-10-04T22:45:05.698Z
98a9101e-3c71-4660-8637-fecc8c9f1d62,2024-11-22T00:39:59.871Z
00f2651c-fae0-40df-83ec-8c94808d86c5,2023-09-02T14:07:22.300Z
13c0a10a-6580-41dc-9d61-43db3d09836f,2023-12-15T19:13:25.113Z
5d2c0785-4867-4db8-9c60-45da86dbf94f,2020-07-19T16:23:38.023Z
5278a7bc-6391-4860-aada-b181c84dd3b8,2020-07-08T21:07:53.467Z
fffbb38e-cf0e-4fb5-95c5-ed6235c8ec47,2024-09-11T21:51:40.541Z
2f705c22-3a15-49b4-9d73-e54e80b0ec39,2023-05-19T08:03:36.794Z
130ab53a-b8da-492f-a20d-5d8edb903310,2022-04-15T15:22:17.166Z
08c22d79-bb8f-4fd8-930f-7d2d0aa1e3ff,2021-10-31T20:23:53.024Z
65dcbfce-45b8-471a-b8bb-0f85f810e2f9,2024-09-23T10:07:48.446Z
e4142f88-eeb6-4786-907a-94914f9fd65b,2020-10-30T02:14:02.269Z
e227eab4-ee75-4b0a-846b-4d9e347445e6,2022-05-21T21:17:16.406Z
86baaffe-23ee-48c7-96ca-dea20d146c22,2024-07-18T19:31:34.117Z
b88f506b-a7c7-4774-b7c5-65d6d1547af9,2021-05-23T12:53:11.609Z
43a32b25-3aeb-44f6-9007-98d52893d8b3,2020-02-10T04:35:17.394Z
7a5b577d-3bb9-4a33-8246-92c8c0f87129,2024-01-28T00:46:29.521Z
761fef96-a95a-4377-bb89-a501f2a96a4a,2023-12-30T16:24:35.454Z
278d38f3-a0cd-4b31-be84-9009e9a1873b,2023-01-01T14:18:04.862Z
92ed72f7-5d45-44d4-bfab-2510d800d163,2023-11-13T18:55:09.023Z
24dd2301-7df9-4111-ba92-f3fe1a65285a,2024-07-16T10:10:39.068Z
f563c26f-3897-4b6b-a200-38e94338850e,2021-12-26T01:34:10.277Z
edeecd7d-75cd-4bf2-b867-4da721a6d3a6,2022-12-30T11:00:14.689Z
d4faa6bb-d262-4fbd-8118-fde5730d42dd,2022-05-22T02:22:01.248Z
5d049b05-c578-4b1b-b05a-df21a649e032,2020-03-10T14:18:20.296Z
004ce330-5b63-46c7-b2de-598693c96714,2022-08-02T11:26:54.576Z
6fd604c1-fa11-4709-a334-13d89a1abbdb,2020-08-21T20:11:31.698Z
781959da-e651-49ba-a848-bd558218f17c,2024-01-10T16:23:47.105Z
e7b7afde-ccdc-4ae3-9c90-e38d87d45279,2022-02-02T17:04:36.276Z
4b979651-9ef2-47f7-bd04-bcc727155580,2023-02-10T00:34:17.732Z
b34b0073-7ee3-42df-b929-8c55490f2c51,2021-03-19T18:28:48.558Z
fdbd1643-0b5d-4bf2-81d8-960f3ebe07d4,2023-04-23T23:00:43.073Z
7e19858b-9baa-4d7a-8d42-177a4070a89f,2022-07-18T10:57:43.543Z
b6c97d78-c4a5-462b-a8a2-41335f982e33,2020-12-12T07:59:17.478Z
1114225b-3d04-4e5e-b980-8957db9fa65a,2020-03-30T02:19:08.204Z
e0651fa7-d18b-4c0b-8feb-7a1b0c44cba2,2021-12-15T21:12:59.908Z
acb323c1-ce6d-4e3f-83b2-f19cf6728d8a,2024-08-27T19:03:30.308Z
94cbee82-8540-43ad-8eee-ab1ee5f6eb46,2022-09-23T10:21:31.692Z
e7556fda-d0c5-4344-8e84-12652da116ec,2024-01-19T04:37:16.972Z
8df17deb-ebe8-4529-9e95-4dbf78e7786e,2020-04-09T03:02:58.728Z
fb80b7ed-d4f3-4243-8aad-3e005eed165e,2023-10-18T23:17:03.771Z
685264d9-6215-4a6b-a391-4280e7c62d91,2024-12-05T23:00:26.426Z
99d4e284-fd74-4656-b9c9-e87465291a77,2023-09-08T06:24:37.237Z
62f7b9b6-6ffb-4725-b6bc-9d4e18934316,2022-01-19T12:09:10.641Z
e4dcc1ec-c717-4ba1-b715-b8f76a617dc3,2023-10-28T13:30:48.587Z
61247b0d-dff2-4b5a-ac54-4ec916ffb702,2023-08-02T14:31:00.695Z
143605cd-bd7e-4d8d-9256-243125f10489,2023-04-17T23:13:23.032Z
b84ac16a-1f68-47c1-a30f-939f7b9b5d0e,2020-05-25T04:56:49.024Z
cce1e3b4-294f-4fa3-b7ea-932d252162a5,2024-08-13T04:56:23.148Z
6251e190-f5cf-4d1f-93f8-dbdb31613e20,2024-02-20T19:18:10.187Z
74871dba-bde2-46e9-91e8-121c20ab24ef,2020-12-22T16:34:12.187Z
a8af910b-85f0-4079-88f8-a754d65d0de7,2021-02-21T19:10:43.906Z
aba82233-7d8b-4d8c-9771-792046a6bbf9,2022-10-13T19:11:08.666Z
9683c6a4-00cc-475d-b6d4-83c2ed7c4655,2023-01-03T09:40:50.270Z
a99556da-3cc0-4ad7-a915-6dd256b919cb,2020-05-19T05:05:09.289Z
ac0307ff-2c44-457f-89b7-25f5545eafa0,2020-11-02T06:39:12.839Z
4dd9f680-041b-49e8-87da-95c0987932bb,2020-08-03T23:03:15.222Z
81867118-5d23-4109-b822-3deb44a4c78c,2021-03-02T02:29:40.170Z
0ec0c12f-ec19-4ff9-b2e2-73a07022123c,2024-06-26T01:11:59.397Z
1b6f9ee1-3443-4d6b-beb8-cf010b376646,2020-04-06T09:52:51.331Z
03f6d40a-40cf-40d6-a678-c9c7992fae63,2024-08-12T03:17:32.170Z
eaded17d-019c-437b-9e5c-e1bb1e535e68,2024-07-20T11:23:15.261Z
15c73c7b-de57-4c2e-9354-0c519a736d31,2023-06-20T07:24:13.121Z
76c9b438-de77-4b17-ab96-38c9aec4a963,2020-07-06T22:37:49.062Z
921ef7a2-c93e-4005-b4c1-bb32ada1f1d8,2022-07-12T19:55:35.005Z
cc34c552-cd3f-42ab-9d24-33092475acd7,2021-04-25T16:04:41.197Z
c6d99a4c-5d03-4b2f-83b2-a3e8518413ee,2023-07-07T03:16:19.812Z
d0ee67ff-e5d2-4c64-a178-644ab7e13430,2024-04-02T01:39:30.839Z
4c7d91ef-fe09-477a-b9bf-ebc9071c4727,2022-05-01T12:28:41.765Z
ebb49345-24c7-46fb-ba95-1899eb729b3e,2020-08-02T01:45:14.922Z
849dafbf-2418-4f12-99d9-a403f89045e0,2021-09-29T06:06:13.047Z
18527ac3-0232-4d80-96ed-0c1c864387c3,2020-07-13T06:32:02.761Z
4b158185-1c9b-443e-9c5a-133d455624f3,2020-05-23T03:22:41.217Z
946bfa18-8d3f-46a8-9684-0014f22681ed,2022-05-21T09:20:11.796Z
62a07a03-ba46-4d73-93f7-b813366a1b0b,2022-03-15T09:12:54.105Z
c5d84d0c-fe92-4dd1-bc92-2bfb38a7eff1,2021-01-27T07:32:34.635Z
9dcdd5e6-07dc-4897-b9fa-5a3da19c07b0,2020-02-10T23:13:08.097Z
8a0a5adc-d1fe-46fb-9516-31211a459149,2023-11-15T07:08:29.452Z
6ce3dadc-64f7-410a-af76-29c4c42588f3,2021-05-13T06:15:18.648Z
e273a8aa-b718-4616-b28e-5e500d6595ae,2020-04-08T03:16:19.659Z
320724a3-e878-475e-bf2a-ac6154790613,2024-07-07T22:30:51.666Z
c548de1a-d660-4b94-a68d-caf5e4043375,2024-03-27T12:42:30.485Z
78bf34a4-7b95-4e1b-a2ba-e488b5b7e5c0,2020-01-27T19:06:16.891Z
4a06c317-ac79-4153-ae0f-655c7758b66c,2020-07-05T21:06:29.513Z
c179cef5-ba83-4fc3-91e3-010bbf61348c,2020-01-20T17:30:48.306Z
